lab_name,is_3d_printed,specimen_prep,specimen_length_mm,specimen_width_mm,specimen_height_mm,test_orientation,test_orientation_code,test_method_code,test_age_days,flexural_strength_mpa,n_specimens,density_hardened_kg_m3,measurement_confidence,doi,source_citation,provenance_notes,original_basis
RILEM TC 304-ADC participating lab 01,True,3d_printed,159.35,40.5,39.75,,,,28.0,6.348091786101992,1,2162.2900101309833,measured,10.5281/zenodo.12200570,"RILEM TC 304-ADC ILS-mech (2024), DOI 10.5281/zenodo.12200570","Source specimen 17241 (EXP_FLEX_01_a_spec_101); mix prefix 01_a; full orientation V.U; 3-point bending; condition DEFAULT; source object mortar. One specimen, not an average. Full context: provenance.csv keyed by sample_id. Unrecognized optional units remain only in the ledger. No X/Y/Z projection, guessed material/print join, effect or uncertainty estimate.",
RILEM TC 304-ADC participating lab 01,True,3d_printed,162.175,40.55,39.9,,,,29.0,1.845117229256076,1,2135.7502495389926,measured,10.5281/zenodo.12200570,"RILEM TC 304-ADC ILS-mech (2024), DOI 10.5281/zenodo.12200570","Source specimen 17244 (EXP_FLEX_01_a_spec_104); mix prefix 01_a; full orientation U.W; 3-point bending; condition DEV1; source object mortar. One specimen, not an average. Full context: provenance.csv keyed by sample_id. Unrecognized optional units remain only in the ledger. No X/Y/Z projection, guessed material/print join, effect or uncertainty estimate.",
RILEM TC 304-ADC participating lab 01,True,3d_printed,161.9,40.45,40.7,,,,29.0,2.1346491790118916,1,2126.898049925816,measured,10.5281/zenodo.12200570,"RILEM TC 304-ADC ILS-mech (2024), DOI 10.5281/zenodo.12200570","Source specimen 17245 (EXP_FLEX_01_a_spec_105); mix prefix 01_a; full orientation U.W; 3-point bending; condition DEV1; source object mortar. One specimen, not an average. Full context: provenance.csv keyed by sample_id. Unrecognized optional units remain only in the ledger. No X/Y/Z projection, guessed material/print join, effect or uncertainty estimate.",
RILEM TC 304-ADC participating lab 01,True,3d_printed,161.55,40.150000000000006,40.9,,,,29.0,2.145731878373525,1,2137.6855782415505,measured,10.5281/zenodo.12200570,"RILEM TC 304-ADC ILS-mech (2024), DOI 10.5281/zenodo.12200570","Source specimen 17246 (EXP_FLEX_01_a_spec_106); mix prefix 01_a; full orientation U.W; 3-point bending; condition DEV1; source object mortar. One specimen, not an average. Full context: provenance.csv keyed by sample_id. Unrecognized optional units remain only in the ledger. No X/Y/Z projection, guessed material/print join, effect or uncertainty estimate.",
RILEM TC 304-ADC participating lab 01,True,3d_printed,161.39999999999998,39.8,40.55,,,,29.0,2.211458709955824,1,2141.4160278947047,measured,10.5281/zenodo.12200570,"RILEM TC 304-ADC ILS-mech (2024), DOI 10.5281/zenodo.12200570","Source specimen 17249 (EXP_FLEX_01_a_spec_109); mix prefix 01_a; full orientation U.W; 3-point bending; condition DEV1; source object mortar. One specimen, not an average. Full context: provenance.csv keyed by sample_id. Unrecognized optional units remain only in the ledger. No X/Y/Z projection, guessed material/print join, effect or uncertainty estimate.",
RILEM TC 304-ADC participating lab 01,True,3d_printed,160.35000000000002,40.15,40.55,,,,29.0,1.3377261488135332,1,2143.926707707015,measured,10.5281/zenodo.12200570,"RILEM TC 304-ADC ILS-mech (2024), DOI 10.5281/zenodo.12200570","Source specimen 17250 (EXP_FLEX_01_a_spec_110); mix prefix 01_a; full orientation U.W; 3-point bending; condition DEV1; source object mortar. One specimen, not an average. Full context: provenance.csv keyed by sample_id. Unrecognized optional units remain only in the ledger. No X/Y/Z projection, guessed material/print join, effect or uncertainty estimate.",
RILEM TC 304-ADC participating lab 01,True,3d_printed,160.55,40.4,40.7,,,,29.0,4.84504991438117,1,2093.6466200425793,measured,10.5281/zenodo.12200570,"RILEM TC 304-ADC ILS-mech (2024), DOI 10.5281/zenodo.12200570","Source specimen 17251 (EXP_FLEX_01_a_spec_111); mix prefix 01_a; full orientation V.U; 3-point bending; condition DEV1; source object mortar. One specimen, not an average. Full context: provenance.csv keyed by sample_id. Unrecognized optional units remain only in the ledger. No X/Y/Z projection, guessed material/print join, effect or uncertainty estimate.",
RILEM TC 304-ADC participating lab 01,True,3d_printed,160.5,41.0,39.85,,,,29.0,3.9822154943510237,1,2104.6174884408583,measured,10.5281/zenodo.12200570,"RILEM TC 304-ADC ILS-mech (2024), DOI 10.5281/zenodo.12200570","Source specimen 17254 (EXP_FLEX_01_a_spec_114); mix prefix 01_a; full orientation V.U; 3-point bending; condition DEV1; source object mortar. One specimen, not an average. Full context: provenance.csv keyed by sample_id. Unrecognized optional units remain only in the ledger. No X/Y/Z projection, guessed material/print join, effect or uncertainty estimate.",
RILEM TC 304-ADC participating lab 01,True,3d_printed,160.1,40.3,40.65,,,,29.0,4.123332167551117,1,2099.704352514594,measured,10.5281/zenodo.12200570,"RILEM TC 304-ADC ILS-mech (2024), DOI 10.5281/zenodo.12200570","Source specimen 17255 (EXP_FLEX_01_a_spec_115); mix prefix 01_a; full orientation V.U; 3-point bending; condition DEV1; source object mortar. One specimen, not an average. Full context: provenance.csv keyed by sample_id. Unrecognized optional units remain only in the ledger. No X/Y/Z projection, guessed material/print join, effect or uncertainty estimate.",
RILEM TC 304-ADC participating lab 01,True,3d_printed,160.8,40.8,40.25,,,,29.0,4.899538643434691,1,2105.914829699996,measured,10.5281/zenodo.12200570,"RILEM TC 304-ADC ILS-mech (2024), DOI 10.5281/zenodo.12200570","Source specimen 17256 (EXP_FLEX_01_a_spec_116); mix prefix 01_a; full orientation V.U; 3-point bending; condition DEV1; source object mortar. One specimen, not an average. Full context: provenance.csv keyed by sample_id. Unrecognized optional units remain only in the ledger. No X/Y/Z projection, guessed material/print join, effect or uncertainty estimate.",
RILEM TC 304-ADC participating lab 01,True,3d_printed,160.45,40.55,40.349999999999994,,,,29.0,6.0829573655488955,1,2122.4476573570405,measured,10.5281/zenodo.12200570,"RILEM TC 304-ADC ILS-mech (2024), DOI 10.5281/zenodo.12200570","Source specimen 17259 (EXP_FLEX_01_a_spec_119); mix prefix 01_a; full orientation W.U; 3-point bending; condition DEV1; source object mortar. One specimen, not an average. Full context: provenance.csv keyed by sample_id. Unrecognized optional units remain only in the ledger. No X/Y/Z projection, guessed material/print join, effect or uncertainty estimate.",
RILEM TC 304-ADC participating lab 01,True,3d_printed,161.05,40.900000000000006,39.95,,,,29.0,5.873231052296462,1,2112.8758090332335,measured,10.5281/zenodo.12200570,"RILEM TC 304-ADC ILS-mech (2024), DOI 10.5281/zenodo.12200570","Source specimen 17260 (EXP_FLEX_01_a_spec_120); mix prefix 01_a; full orientation W.U; 3-point bending; condition DEV1; source object mortar. One specimen, not an average. Full context: provenance.csv keyed by sample_id. Unrecognized optional units remain only in the ledger. No X/Y/Z projection, guessed material/print join, effect or uncertainty estimate.",
RILEM TC 304-ADC participating lab 01,True,3d_printed,160.55,40.95,38.2,,,,29.0,5.193620282844809,1,2093.994766434563,measured,10.5281/zenodo.12200570,"RILEM TC 304-ADC ILS-mech (2024), DOI 10.5281/zenodo.12200570","Source specimen 17261 (EXP_FLEX_01_a_spec_121); mix prefix 01_a; full orientation W.U; 3-point bending; condition DEV1; source object mortar. One specimen, not an average. Full context: provenance.csv keyed by sample_id. Unrecognized optional units remain only in the ledger. No X/Y/Z projection, guessed material/print join, effect or uncertainty estimate.",
RILEM TC 304-ADC participating lab 01,False,cast,162.5,40.099999999999994,41.15,cast,CAST,,28.0,5.92756035645647,1,2115.6567409404333,measured,10.5281/zenodo.12200570,"RILEM TC 304-ADC ILS-mech (2024), DOI 10.5281/zenodo.12200570","Source specimen 17265 (EXP_FLEX_01_a_spec_125); mix prefix 01_a; full orientation CAST; 4-point bending; condition DEFAULT; source object cast mortar. One specimen, not an average. Full context: provenance.csv keyed by sample_id. Unrecognized optional units remain only in the ledger. No X/Y/Z projection, guessed material/print join, effect or uncertainty estimate.",
RILEM TC 304-ADC participating lab 01,False,cast,161.25,40.150000000000006,40.275000000000006,cast,CAST,,28.0,5.389452312308428,1,2169.52848559897,measured,10.5281/zenodo.12200570,"RILEM TC 304-ADC ILS-mech (2024), DOI 10.5281/zenodo.12200570","Source specimen 17266 (EXP_FLEX_01_a_spec_126); mix prefix 01_a; full orientation CAST; 4-point bending; condition DEFAULT; source object cast mortar. One specimen, not an average. Full context: provenance.csv keyed by sample_id. Unrecognized optional units remain only in the ledger. No X/Y/Z projection, guessed material/print join, effect or uncertainty estimate.",
RILEM TC 304-ADC participating lab 01,False,cast,162.0,41.099999999999994,40.349999999999994,cast,CAST,,28.0,5.877455126568532,1,2131.703546031342,measured,10.5281/zenodo.12200570,"RILEM TC 304-ADC ILS-mech (2024), DOI 10.5281/zenodo.12200570","Source specimen 17267 (EXP_FLEX_01_a_spec_127); mix prefix 01_a; full orientation CAST; 4-point bending; condition DEFAULT; source object cast mortar. One specimen, not an average. Full context: provenance.csv keyed by sample_id. Unrecognized optional units remain only in the ledger. No X/Y/Z projection, guessed material/print join, effect or uncertainty estimate.",
RILEM TC 304-ADC participating lab 01,True,3d_printed,160.0,39.599999999999994,39.75,,,,28.0,7.110237727937978,1,2154.008639857697,measured,10.5281/zenodo.12200570,"RILEM TC 304-ADC ILS-mech (2024), DOI 10.5281/zenodo.12200570","Source specimen 17272 (EXP_FLEX_01_a_spec_132); mix prefix 01_a; full orientation W.U; 4-point bending; condition DEFAULT; source object mortar. One specimen, not an average. Full context: provenance.csv keyed by sample_id. Unrecognized optional units remain only in the ledger. No X/Y/Z projection, guessed material/print join, effect or uncertainty estimate.",
RILEM TC 304-ADC participating lab 01,True,3d_printed,160.0,40.5,40.05,,,,28.0,7.093243585620624,1,2141.613107072949,measured,10.5281/zenodo.12200570,"RILEM TC 304-ADC ILS-mech (2024), DOI 10.5281/zenodo.12200570","Source specimen 17273 (EXP_FLEX_01_a_spec_133); mix prefix 01_a; full orientation W.U; 4-point bending; condition DEFAULT; source object mortar. One specimen, not an average. Full context: provenance.csv keyed by sample_id. Unrecognized optional units remain only in the ledger. No X/Y/Z projection, guessed material/print join, effect or uncertainty estimate.",
RILEM TC 304-ADC participating lab 01,True,3d_printed,160.0,40.4,40.099999999999994,,,,28.0,6.541529992701763,1,2131.50601219723,measured,10.5281/zenodo.12200570,"RILEM TC 304-ADC ILS-mech (2024), DOI 10.5281/zenodo.12200570","Source specimen 17274 (EXP_FLEX_01_a_spec_134); mix prefix 01_a; full orientation W.U; 4-point bending; condition DEFAULT; source object mortar. One specimen, not an average. Full context: provenance.csv keyed by sample_id. Unrecognized optional units remain only in the ledger. No X/Y/Z projection, guessed material/print join, effect or uncertainty estimate.",
RILEM TC 304-ADC participating lab 01,True,3d_printed,160.0,40.3,40.5,,,,28.0,6.113597492968261,1,2098.076157215942,measured,10.5281/zenodo.12200570,"RILEM TC 304-ADC ILS-mech (2024), DOI 10.5281/zenodo.12200570","Source specimen 17277 (EXP_FLEX_01_a_spec_137); mix prefix 01_a; full orientation W.U; 4-point bending; condition DEFAULT; source object mortar. One specimen, not an average. Full context: provenance.csv keyed by sample_id. Unrecognized optional units remain only in the ledger. No X/Y/Z projection, guessed material/print join, effect or uncertainty estimate.",
RILEM TC 304-ADC participating lab 01,True,3d_printed,160.5,40.15,39.95,,,,28.0,4.461036280356609,1,2141.4632336074433,measured,10.5281/zenodo.12200570,"RILEM TC 304-ADC ILS-mech (2024), DOI 10.5281/zenodo.12200570","Source specimen 17278 (EXP_FLEX_01_a_spec_138); mix prefix 01_a; full orientation U.W; 4-point bending; condition DEFAULT; source object mortar. One specimen, not an average. Full context: provenance.csv keyed by sample_id. Unrecognized optional units remain only in the ledger. No X/Y/Z projection, guessed material/print join, effect or uncertainty estimate.",
RILEM TC 304-ADC participating lab 01,True,3d_printed,160.0,40.349999999999994,41.5,,,,28.0,4.630251621436254,1,2127.095743569072,measured,10.5281/zenodo.12200570,"RILEM TC 304-ADC ILS-mech (2024), DOI 10.5281/zenodo.12200570","Source specimen 17279 (EXP_FLEX_01_a_spec_139); mix prefix 01_a; full orientation U.W; 4-point bending; condition DEFAULT; source object mortar. One specimen, not an average. Full context: provenance.csv keyed by sample_id. Unrecognized optional units remain only in the ledger. No X/Y/Z projection, guessed material/print join, effect or uncertainty estimate.",
RILEM TC 304-ADC participating lab 01,True,3d_printed,160.5,40.3,40.0,,,,28.0,5.569931389578163,1,2144.3534859271967,measured,10.5281/zenodo.12200570,"RILEM TC 304-ADC ILS-mech (2024), DOI 10.5281/zenodo.12200570","Source specimen 17282 (EXP_FLEX_01_a_spec_142); mix prefix 01_a; full orientation U.W; 4-point bending; condition DEFAULT; source object mortar. One specimen, not an average. Full context: provenance.csv keyed by sample_id. Unrecognized optional units remain only in the ledger. No X/Y/Z projection, guessed material/print join, effect or uncertainty estimate.",
RILEM TC 304-ADC participating lab 01,False,cast,399.0,100.0,99.75,cast,CAST,,28.0,8.440650498426518,1,2224.106632496027,measured,10.5281/zenodo.12200570,"RILEM TC 304-ADC ILS-mech (2024), DOI 10.5281/zenodo.12200570","Source specimen 17285 (EXP_FLEX_01_a_spec_145); mix prefix 01_a; full orientation CAST; 4-point bending; condition DEFAULT; source object cast concrete. One specimen, not an average. Full context: provenance.csv keyed by sample_id. Unrecognized optional units remain only in the ledger. No X/Y/Z projection, guessed material/print join, effect or uncertainty estimate.",
RILEM TC 304-ADC participating lab 01,False,cast,399.25,101.0,99.5,cast,CAST,,28.0,7.004923618040449,1,2178.8203496013457,measured,10.5281/zenodo.12200570,"RILEM TC 304-ADC ILS-mech (2024), DOI 10.5281/zenodo.12200570","Source specimen 17286 (EXP_FLEX_01_a_spec_146); mix prefix 01_a; full orientation CAST; 4-point bending; condition DEFAULT; source object cast concrete. One specimen, not an average. Full context: provenance.csv keyed by sample_id. Unrecognized optional units remain only in the ledger. No X/Y/Z projection, guessed material/print join, effect or uncertainty estimate.",
RILEM TC 304-ADC participating lab 01,False,cast,398.5,101.25,100.5,cast,CAST,,28.0,7.5656359807742195,1,2173.6200266384976,measured,10.5281/zenodo.12200570,"RILEM TC 304-ADC ILS-mech (2024), DOI 10.5281/zenodo.12200570","Source specimen 17287 (EXP_FLEX_01_a_spec_147); mix prefix 01_a; full orientation CAST; 4-point bending; condition DEFAULT; source object cast concrete. One specimen, not an average. Full context: provenance.csv keyed by sample_id. Unrecognized optional units remain only in the ledger. No X/Y/Z projection, guessed material/print join, effect or uncertainty estimate.",
RILEM TC 304-ADC participating lab 01,True,3d_printed,399.0,100.0,99.5,,,,28.0,4.899573243099922,1,2182.088386796136,measured,10.5281/zenodo.12200570,"RILEM TC 304-ADC ILS-mech (2024), DOI 10.5281/zenodo.12200570","Source specimen 17291 (EXP_FLEX_01_a_spec_151); mix prefix 01_a; full orientation U.W; 4-point bending; condition DEFAULT; source object concrete. One specimen, not an average. Full context: provenance.csv keyed by sample_id. Unrecognized optional units remain only in the ledger. No X/Y/Z projection, guessed material/print join, effect or uncertainty estimate.",
RILEM TC 304-ADC participating lab 01,True,3d_printed,399.5,99.5,99.0,,,,28.0,5.925864400053528,1,2195.272388541613,measured,10.5281/zenodo.12200570,"RILEM TC 304-ADC ILS-mech (2024), DOI 10.5281/zenodo.12200570","Source specimen 17292 (EXP_FLEX_01_a_spec_152); mix prefix 01_a; full orientation U.W; 4-point bending; condition DEFAULT; source object concrete. One specimen, not an average. Full context: provenance.csv keyed by sample_id. Unrecognized optional units remain only in the ledger. No X/Y/Z projection, guessed material/print join, effect or uncertainty estimate.",
RILEM TC 304-ADC participating lab 01,True,3d_printed,402.0,98.5,98.0,,,,28.0,6.391055334389013,1,2248.675817019739,measured,10.5281/zenodo.12200570,"RILEM TC 304-ADC ILS-mech (2024), DOI 10.5281/zenodo.12200570","Source specimen 17293 (EXP_FLEX_01_a_spec_153); mix prefix 01_a; full orientation U.W; 4-point bending; condition DEFAULT; source object concrete. One specimen, not an average. Full context: provenance.csv keyed by sample_id. Unrecognized optional units remain only in the ledger. No X/Y/Z projection, guessed material/print join, effect or uncertainty estimate.",
RILEM TC 304-ADC participating lab 01,True,3d_printed,398.0,99.0,99.5,,,,28.0,3.7452375322631126,1,2175.2333057603128,measured,10.5281/zenodo.12200570,"RILEM TC 304-ADC ILS-mech (2024), DOI 10.5281/zenodo.12200570","Source specimen 17298 (EXP_FLEX_01_a_spec_158); mix prefix 01_a; full orientation U.W; 4-point bending; condition DEV1; source object concrete. One specimen, not an average. Full context: provenance.csv keyed by sample_id. Unrecognized optional units remain only in the ledger. No X/Y/Z projection, guessed material/print join, effect or uncertainty estimate.",
RILEM TC 304-ADC participating lab 01,True,3d_printed,399.25,100.5,100.0,,,,28.0,3.77044776119403,1,2203.3850783652183,measured,10.5281/zenodo.12200570,"RILEM TC 304-ADC ILS-mech (2024), DOI 10.5281/zenodo.12200570","Source specimen 17299 (EXP_FLEX_01_a_spec_159); mix prefix 01_a; full orientation U.W; 4-point bending; condition DEV1; source object concrete. One specimen, not an average. Full context: provenance.csv keyed by sample_id. Unrecognized optional units remain only in the ledger. No X/Y/Z projection, guessed material/print join, effect or uncertainty estimate.",
RILEM TC 304-ADC participating lab 01,True,3d_printed,399.0,100.5,100.25,,,,28.0,2.8442683442879755,1,2169.665301701668,measured,10.5281/zenodo.12200570,"RILEM TC 304-ADC ILS-mech (2024), DOI 10.5281/zenodo.12200570","Source specimen 17300 (EXP_FLEX_01_a_spec_160); mix prefix 01_a; full orientation U.W; 4-point bending; condition DEV1; source object concrete. One specimen, not an average. Full context: provenance.csv keyed by sample_id. Unrecognized optional units remain only in the ledger. No X/Y/Z projection, guessed material/print join, effect or uncertainty estimate.",
RILEM TC 304-ADC participating lab 01,False,cast,161.39999999999998,40.599999999999994,40.7,cast,CAST,,28.0,6.677836663772443,1,2157.8505106257967,measured,10.5281/zenodo.12200570,"RILEM TC 304-ADC ILS-mech (2024), DOI 10.5281/zenodo.12200570","Source specimen 17220 (EXP_FLEX_01_a_spec_80); mix prefix 01_a; full orientation CAST; 3-point bending; condition DEFAULT; source object cast mortar. One specimen, not an average. Full context: provenance.csv keyed by sample_id. Unrecognized optional units remain only in the ledger. No X/Y/Z projection, guessed material/print join, effect or uncertainty estimate.",
RILEM TC 304-ADC participating lab 01,False,cast,160.89999999999998,40.084999999999994,39.65,cast,CAST,,28.0,6.150801700115733,1,2137.413281403141,measured,10.5281/zenodo.12200570,"RILEM TC 304-ADC ILS-mech (2024), DOI 10.5281/zenodo.12200570","Source specimen 17221 (EXP_FLEX_01_a_spec_81); mix prefix 01_a; full orientation CAST; 3-point bending; condition DEFAULT; source object cast mortar. One specimen, not an average. Full context: provenance.csv keyed by sample_id. Unrecognized optional units remain only in the ledger. No X/Y/Z projection, guessed material/print join, effect or uncertainty estimate.",
RILEM TC 304-ADC participating lab 01,False,cast,161.065,39.95,40.6,cast,CAST,,28.0,7.329041273199642,1,2150.4915515059884,measured,10.5281/zenodo.12200570,"RILEM TC 304-ADC ILS-mech (2024), DOI 10.5281/zenodo.12200570","Source specimen 17222 (EXP_FLEX_01_a_spec_82); mix prefix 01_a; full orientation CAST; 3-point bending; condition DEFAULT; source object cast mortar. One specimen, not an average. Full context: provenance.csv keyed by sample_id. Unrecognized optional units remain only in the ledger. No X/Y/Z projection, guessed material/print join, effect or uncertainty estimate.",
RILEM TC 304-ADC participating lab 01,False,cast,160.8,39.7,40.0,cast,CAST,,28.0,5.893920056675063,1,2149.203604145519,measured,10.5281/zenodo.12200570,"RILEM TC 304-ADC ILS-mech (2024), DOI 10.5281/zenodo.12200570","Source specimen 17223 (EXP_FLEX_01_a_spec_83); mix prefix 01_a; full orientation CAST; 3-point bending; condition DEFAULT; source object cast mortar. One specimen, not an average. Full context: provenance.csv keyed by sample_id. Unrecognized optional units remain only in the ledger. No X/Y/Z projection, guessed material/print join, effect or uncertainty estimate.",
RILEM TC 304-ADC participating lab 01,False,cast,160.4,40.5,40.35,cast,CAST,,28.0,6.447866450125494,1,2140.6089775026994,measured,10.5281/zenodo.12200570,"RILEM TC 304-ADC ILS-mech (2024), DOI 10.5281/zenodo.12200570","Source specimen 17224 (EXP_FLEX_01_a_spec_84); mix prefix 01_a; full orientation CAST; 3-point bending; condition DEFAULT; source object cast mortar. One specimen, not an average. Full context: provenance.csv keyed by sample_id. Unrecognized optional units remain only in the ledger. No X/Y/Z projection, guessed material/print join, effect or uncertainty estimate.",
RILEM TC 304-ADC participating lab 01,False,cast,160.7,41.1,40.5,cast,CAST,,28.0,6.878861754428123,1,2141.736807238659,measured,10.5281/zenodo.12200570,"RILEM TC 304-ADC ILS-mech (2024), DOI 10.5281/zenodo.12200570","Source specimen 17225 (EXP_FLEX_01_a_spec_85); mix prefix 01_a; full orientation CAST; 3-point bending; condition DEFAULT; source object cast mortar. One specimen, not an average. Full context: provenance.csv keyed by sample_id. Unrecognized optional units remain only in the ledger. No X/Y/Z projection, guessed material/print join, effect or uncertainty estimate.",
RILEM TC 304-ADC participating lab 01,True,3d_printed,160.3,40.0,40.4,,,,28.0,5.794178174933831,1,2148.277054779714,measured,10.5281/zenodo.12200570,"RILEM TC 304-ADC ILS-mech (2024), DOI 10.5281/zenodo.12200570","Source specimen 17226 (EXP_FLEX_01_a_spec_86); mix prefix 01_a; full orientation W.U; 3-point bending; condition DEFAULT; source object mortar. One specimen, not an average. Full context: provenance.csv keyed by sample_id. Unrecognized optional units remain only in the ledger. No X/Y/Z projection, guessed material/print join, effect or uncertainty estimate.",
RILEM TC 304-ADC participating lab 01,True,3d_printed,160.075,40.4,40.45,,,,28.0,5.704941778294557,1,2139.9789064519323,measured,10.5281/zenodo.12200570,"RILEM TC 304-ADC ILS-mech (2024), DOI 10.5281/zenodo.12200570","Source specimen 17227 (EXP_FLEX_01_a_spec_87); mix prefix 01_a; full orientation W.U; 3-point bending; condition DEFAULT; source object mortar. One specimen, not an average. Full context: provenance.csv keyed by sample_id. Unrecognized optional units remain only in the ledger. No X/Y/Z projection, guessed material/print join, effect or uncertainty estimate.",
RILEM TC 304-ADC participating lab 01,True,3d_printed,159.22500000000002,40.375,40.525,,,,28.0,6.094262495813398,1,2128.4072719261926,measured,10.5281/zenodo.12200570,"RILEM TC 304-ADC ILS-mech (2024), DOI 10.5281/zenodo.12200570","Source specimen 17228 (EXP_FLEX_01_a_spec_88); mix prefix 01_a; full orientation W.U; 3-point bending; condition DEFAULT; source object mortar. One specimen, not an average. Full context: provenance.csv keyed by sample_id. Unrecognized optional units remain only in the ledger. No X/Y/Z projection, guessed material/print join, effect or uncertainty estimate.",
RILEM TC 304-ADC participating lab 01,True,3d_printed,159.75,40.325,40.55,,,,28.0,6.0805191385592074,1,2099.764217126736,measured,10.5281/zenodo.12200570,"RILEM TC 304-ADC ILS-mech (2024), DOI 10.5281/zenodo.12200570","Source specimen 17231 (EXP_FLEX_01_a_spec_91); mix prefix 01_a; full orientation W.U; 3-point bending; condition DEFAULT; source object mortar. One specimen, not an average. Full context: provenance.csv keyed by sample_id. Unrecognized optional units remain only in the ledger. No X/Y/Z projection, guessed material/print join, effect or uncertainty estimate.",
RILEM TC 304-ADC participating lab 01,True,3d_printed,161.25,41.2,40.05,,,,28.0,4.493008425842738,1,2104.692082138991,measured,10.5281/zenodo.12200570,"RILEM TC 304-ADC ILS-mech (2024), DOI 10.5281/zenodo.12200570","Source specimen 17232 (EXP_FLEX_01_a_spec_92); mix prefix 01_a; full orientation U.W; 3-point bending; condition DEFAULT; source object mortar. One specimen, not an average. Full context: provenance.csv keyed by sample_id. Unrecognized optional units remain only in the ledger. No X/Y/Z projection, guessed material/print join, effect or uncertainty estimate.",
RILEM TC 304-ADC participating lab 01,True,3d_printed,160.60000000000002,39.95,40.9,,,,28.0,4.752208605637817,1,2085.261169415455,measured,10.5281/zenodo.12200570,"RILEM TC 304-ADC ILS-mech (2024), DOI 10.5281/zenodo.12200570","Source specimen 17233 (EXP_FLEX_01_a_spec_93); mix prefix 01_a; full orientation U.W; 3-point bending; condition DEFAULT; source object mortar. One specimen, not an average. Full context: provenance.csv keyed by sample_id. Unrecognized optional units remain only in the ledger. No X/Y/Z projection, guessed material/print join, effect or uncertainty estimate.",
RILEM TC 304-ADC participating lab 01,True,3d_printed,160.5,39.900000000000006,40.35,,,,28.0,4.214118164636726,1,2119.97410636227,measured,10.5281/zenodo.12200570,"RILEM TC 304-ADC ILS-mech (2024), DOI 10.5281/zenodo.12200570","Source specimen 17236 (EXP_FLEX_01_a_spec_96); mix prefix 01_a; full orientation U.W; 3-point bending; condition DEFAULT; source object mortar. One specimen, not an average. Full context: provenance.csv keyed by sample_id. Unrecognized optional units remain only in the ledger. No X/Y/Z projection, guessed material/print join, effect or uncertainty estimate.",
RILEM TC 304-ADC participating lab 01,True,3d_printed,160.95,39.974999999999994,39.9,,,,28.0,4.517639229193469,1,2103.8841808174734,measured,10.5281/zenodo.12200570,"RILEM TC 304-ADC ILS-mech (2024), DOI 10.5281/zenodo.12200570","Source specimen 17237 (EXP_FLEX_01_a_spec_97); mix prefix 01_a; full orientation U.W; 3-point bending; condition DEFAULT; source object mortar. One specimen, not an average. Full context: provenance.csv keyed by sample_id. Unrecognized optional units remain only in the ledger. No X/Y/Z projection, guessed material/print join, effect or uncertainty estimate.",
RILEM TC 304-ADC participating lab 01,True,3d_printed,160.05,40.25,40.75,,,,28.0,6.048510543156235,1,2114.5699250925936,measured,10.5281/zenodo.12200570,"RILEM TC 304-ADC ILS-mech (2024), DOI 10.5281/zenodo.12200570","Source specimen 17238 (EXP_FLEX_01_a_spec_98); mix prefix 01_a; full orientation V.U; 3-point bending; condition DEFAULT; source object mortar. One specimen, not an average. Full context: provenance.csv keyed by sample_id. Unrecognized optional units remain only in the ledger. No X/Y/Z projection, guessed material/print join, effect or uncertainty estimate.",
RILEM TC 304-ADC participating lab 13,False,cast,160.0,40.0,40.1,cast,CAST,,30.0,10.545643372864596,1,2307.9021197007482,measured,10.5281/zenodo.12200570,"RILEM TC 304-ADC ILS-mech (2024), DOI 10.5281/zenodo.12200570","Source specimen 18761 (EXP_FLEX_13_a_spec_1); mix prefix 13_a; full orientation CAST; 3-point bending; condition DEFAULT; source object cast M. One specimen, not an average. Full context: provenance.csv keyed by sample_id. Unrecognized optional units remain only in the ledger. No X/Y/Z projection, guessed material/print join, effect or uncertainty estimate.",
RILEM TC 304-ADC participating lab 13,False,cast,160.0,40.0,39.9,cast,CAST,,30.0,9.848399193472403,1,2289.708646616542,measured,10.5281/zenodo.12200570,"RILEM TC 304-ADC ILS-mech (2024), DOI 10.5281/zenodo.12200570","Source specimen 18762 (EXP_FLEX_13_a_spec_2); mix prefix 13_a; full orientation CAST; 3-point bending; condition DEFAULT; source object cast M. One specimen, not an average. Full context: provenance.csv keyed by sample_id. Unrecognized optional units remain only in the ledger. No X/Y/Z projection, guessed material/print join, effect or uncertainty estimate.",
RILEM TC 304-ADC participating lab 13,False,cast,160.0,40.0,40.0,cast,CAST,,30.0,10.30078125,1,2270.703125,measured,10.5281/zenodo.12200570,"RILEM TC 304-ADC ILS-mech (2024), DOI 10.5281/zenodo.12200570","Source specimen 18763 (EXP_FLEX_13_a_spec_3); mix prefix 13_a; full orientation CAST; 3-point bending; condition DEFAULT; source object cast M. One specimen, not an average. Full context: provenance.csv keyed by sample_id. Unrecognized optional units remain only in the ledger. No X/Y/Z projection, guessed material/print join, effect or uncertainty estimate.",
RILEM TC 304-ADC participating lab 13,False,cast,160.0,40.0,39.9,cast,CAST,,30.0,10.955490229332732,1,2268.170426065163,measured,10.5281/zenodo.12200570,"RILEM TC 304-ADC ILS-mech (2024), DOI 10.5281/zenodo.12200570","Source specimen 18764 (EXP_FLEX_13_a_spec_4); mix prefix 13_a; full orientation CAST; 3-point bending; condition DEFAULT; source object cast M. One specimen, not an average. Full context: provenance.csv keyed by sample_id. Unrecognized optional units remain only in the ledger. No X/Y/Z projection, guessed material/print join, effect or uncertainty estimate.",
RILEM TC 304-ADC participating lab 13,False,cast,160.0,40.0,40.1,cast,CAST,,30.0,11.645449966107176,1,2305.174563591023,measured,10.5281/zenodo.12200570,"RILEM TC 304-ADC ILS-mech (2024), DOI 10.5281/zenodo.12200570","Source specimen 18767 (EXP_FLEX_13_a_spec_4B1); mix prefix 13_a; full orientation CAST; 4-point bending; condition DEFAULT; source object cast M. One specimen, not an average. Full context: provenance.csv keyed by sample_id. Unrecognized optional units remain only in the ledger. No X/Y/Z projection, guessed material/print join, effect or uncertainty estimate.",
RILEM TC 304-ADC participating lab 13,False,cast,160.0,40.0,40.1,cast,CAST,,30.0,9.749939366048718,1,2255.688902743142,measured,10.5281/zenodo.12200570,"RILEM TC 304-ADC ILS-mech (2024), DOI 10.5281/zenodo.12200570","Source specimen 18768 (EXP_FLEX_13_a_spec_4B2); mix prefix 13_a; full orientation CAST; 4-point bending; condition DEFAULT; source object cast M. One specimen, not an average. Full context: provenance.csv keyed by sample_id. Unrecognized optional units remain only in the ledger. No X/Y/Z projection, guessed material/print join, effect or uncertainty estimate.",
RILEM TC 304-ADC participating lab 13,False,cast,160.0,40.0,40.0,cast,CAST,,30.0,10.20375,1,2282.8125,measured,10.5281/zenodo.12200570,"RILEM TC 304-ADC ILS-mech (2024), DOI 10.5281/zenodo.12200570","Source specimen 18769 (EXP_FLEX_13_a_spec_4B3); mix prefix 13_a; full orientation CAST; 4-point bending; condition DEFAULT; source object cast M. One specimen, not an average. Full context: provenance.csv keyed by sample_id. Unrecognized optional units remain only in the ledger. No X/Y/Z projection, guessed material/print join, effect or uncertainty estimate.",
RILEM TC 304-ADC participating lab 13,False,cast,160.0,40.0,40.0,cast,CAST,,30.0,10.51875,1,2298.4375,measured,10.5281/zenodo.12200570,"RILEM TC 304-ADC ILS-mech (2024), DOI 10.5281/zenodo.12200570","Source specimen 18770 (EXP_FLEX_13_a_spec_4B4); mix prefix 13_a; full orientation CAST; 4-point bending; condition DEFAULT; source object cast M. One specimen, not an average. Full context: provenance.csv keyed by sample_id. Unrecognized optional units remain only in the ledger. No X/Y/Z projection, guessed material/print join, effect or uncertainty estimate.",
RILEM TC 304-ADC participating lab 13,False,cast,160.0,40.0,40.0,cast,CAST,,30.0,10.299375,1,2316.40625,measured,10.5281/zenodo.12200570,"RILEM TC 304-ADC ILS-mech (2024), DOI 10.5281/zenodo.12200570","Source specimen 18771 (EXP_FLEX_13_a_spec_4B5); mix prefix 13_a; full orientation CAST; 4-point bending; condition DEFAULT; source object cast M. One specimen, not an average. Full context: provenance.csv keyed by sample_id. Unrecognized optional units remain only in the ledger. No X/Y/Z projection, guessed material/print join, effect or uncertainty estimate.",
RILEM TC 304-ADC participating lab 13,False,cast,160.0,40.0,40.0,cast,CAST,,30.0,9.399375,1,2265.234375,measured,10.5281/zenodo.12200570,"RILEM TC 304-ADC ILS-mech (2024), DOI 10.5281/zenodo.12200570","Source specimen 18772 (EXP_FLEX_13_a_spec_4B6); mix prefix 13_a; full orientation CAST; 4-point bending; condition DEFAULT; source object cast M. One specimen, not an average. Full context: provenance.csv keyed by sample_id. Unrecognized optional units remain only in the ledger. No X/Y/Z projection, guessed material/print join, effect or uncertainty estimate.",
RILEM TC 304-ADC participating lab 13,False,cast,400.0,100.0,100.1,cast,CAST,,30.0,9.25448178195431,1,2196.878121878122,measured,10.5281/zenodo.12200570,"RILEM TC 304-ADC ILS-mech (2024), DOI 10.5281/zenodo.12200570","Source specimen 18838 (EXP_FLEX_13_a_spec_4C1); mix prefix 13_a; full orientation CAST; 4-point bending; condition DEFAULT; source object cast C-F1. One specimen, not an average. Full context: provenance.csv keyed by sample_id. Unrecognized optional units remain only in the ledger. No X/Y/Z projection, guessed material/print join, effect or uncertainty estimate.",
RILEM TC 304-ADC participating lab 13,False,cast,400.0,100.0,100.0,cast,CAST,,30.0,9.6699,1,2213.625,measured,10.5281/zenodo.12200570,"RILEM TC 304-ADC ILS-mech (2024), DOI 10.5281/zenodo.12200570","Source specimen 18839 (EXP_FLEX_13_a_spec_4C2); mix prefix 13_a; full orientation CAST; 4-point bending; condition DEFAULT; source object cast C-F1. One specimen, not an average. Full context: provenance.csv keyed by sample_id. Unrecognized optional units remain only in the ledger. No X/Y/Z projection, guessed material/print join, effect or uncertainty estimate.",
RILEM TC 304-ADC participating lab 13,False,cast,400.0,100.0,99.9,cast,CAST,,30.0,10.531853174495817,1,2209.1341341341345,measured,10.5281/zenodo.12200570,"RILEM TC 304-ADC ILS-mech (2024), DOI 10.5281/zenodo.12200570","Source specimen 18840 (EXP_FLEX_13_a_spec_4C3); mix prefix 13_a; full orientation CAST; 4-point bending; condition DEFAULT; source object cast C-F1. One specimen, not an average. Full context: provenance.csv keyed by sample_id. Unrecognized optional units remain only in the ledger. No X/Y/Z projection, guessed material/print join, effect or uncertainty estimate.",
RILEM TC 304-ADC participating lab 13,False,cast,400.0,100.0,100.0,cast,CAST,,30.0,8.9415,1,2162.325,measured,10.5281/zenodo.12200570,"RILEM TC 304-ADC ILS-mech (2024), DOI 10.5281/zenodo.12200570","Source specimen 18841 (EXP_FLEX_13_a_spec_4C4); mix prefix 13_a; full orientation CAST; 4-point bending; condition DEFAULT; source object cast C-F1. One specimen, not an average. Full context: provenance.csv keyed by sample_id. Unrecognized optional units remain only in the ledger. No X/Y/Z projection, guessed material/print join, effect or uncertainty estimate.",
RILEM TC 304-ADC participating lab 13,False,cast,400.0,100.0,100.1,cast,CAST,,30.0,9.990409191208393,1,2156.2187812187813,measured,10.5281/zenodo.12200570,"RILEM TC 304-ADC ILS-mech (2024), DOI 10.5281/zenodo.12200570","Source specimen 18842 (EXP_FLEX_13_a_spec_4C5); mix prefix 13_a; full orientation CAST; 4-point bending; condition DEFAULT; source object cast C-F1. One specimen, not an average. Full context: provenance.csv keyed by sample_id. Unrecognized optional units remain only in the ledger. No X/Y/Z projection, guessed material/print join, effect or uncertainty estimate.",
RILEM TC 304-ADC participating lab 13,True,3d_printed,400.0,100.0,100.0,,,,30.0,6.8028,1,2201.85,measured,10.5281/zenodo.12200570,"RILEM TC 304-ADC ILS-mech (2024), DOI 10.5281/zenodo.12200570","Source specimen 18858 (EXP_FLEX_13_a_spec_4CUW1); mix prefix 13_a; full orientation U.W; 4-point bending; condition DEFAULT; source object C-F1. One specimen, not an average. Full context: provenance.csv keyed by sample_id. Unrecognized optional units remain only in the ledger. No X/Y/Z projection, guessed material/print join, effect or uncertainty estimate.",
RILEM TC 304-ADC participating lab 13,True,3d_printed,400.0,100.0,100.0,,,,30.0,7.0908,1,2213.2,measured,10.5281/zenodo.12200570,"RILEM TC 304-ADC ILS-mech (2024), DOI 10.5281/zenodo.12200570","Source specimen 18859 (EXP_FLEX_13_a_spec_4CUW2); mix prefix 13_a; full orientation U.W; 4-point bending; condition DEFAULT; source object C-F1. One specimen, not an average. Full context: provenance.csv keyed by sample_id. Unrecognized optional units remain only in the ledger. No X/Y/Z projection, guessed material/print join, effect or uncertainty estimate.",
RILEM TC 304-ADC participating lab 13,True,3d_printed,400.0,100.0,99.9,,,,30.0,7.765423080738396,1,2161.236236236236,measured,10.5281/zenodo.12200570,"RILEM TC 304-ADC ILS-mech (2024), DOI 10.5281/zenodo.12200570","Source specimen 18860 (EXP_FLEX_13_a_spec_4CUW3); mix prefix 13_a; full orientation U.W; 4-point bending; condition DEFAULT; source object C-F1. One specimen, not an average. Full context: provenance.csv keyed by sample_id. Unrecognized optional units remain only in the ledger. No X/Y/Z projection, guessed material/print join, effect or uncertainty estimate.",
RILEM TC 304-ADC participating lab 13,True,3d_printed,399.9,100.0,100.0,,,,30.0,8.5095,1,2195.0737684421106,measured,10.5281/zenodo.12200570,"RILEM TC 304-ADC ILS-mech (2024), DOI 10.5281/zenodo.12200570","Source specimen 18861 (EXP_FLEX_13_a_spec_4CUW4); mix prefix 13_a; full orientation U.W; 4-point bending; condition DEFAULT; source object C-F1. One specimen, not an average. Full context: provenance.csv keyed by sample_id. Unrecognized optional units remain only in the ledger. No X/Y/Z projection, guessed material/print join, effect or uncertainty estimate.",
RILEM TC 304-ADC participating lab 13,True,3d_printed,400.0,100.0,100.0,,,,30.0,6.129,1,2182.45,measured,10.5281/zenodo.12200570,"RILEM TC 304-ADC ILS-mech (2024), DOI 10.5281/zenodo.12200570","Source specimen 18862 (EXP_FLEX_13_a_spec_4CUW5); mix prefix 13_a; full orientation U.W; 4-point bending; condition DEFAULT; source object C-F1. One specimen, not an average. Full context: provenance.csv keyed by sample_id. Unrecognized optional units remain only in the ledger. No X/Y/Z projection, guessed material/print join, effect or uncertainty estimate.",
RILEM TC 304-ADC participating lab 13,True,3d_printed,160.0,40.0,39.9,,,,30.0,6.129986620687056,1,2196.5068922305763,measured,10.5281/zenodo.12200570,"RILEM TC 304-ADC ILS-mech (2024), DOI 10.5281/zenodo.12200570","Source specimen 18808 (EXP_FLEX_13_a_spec_4D1UW1); mix prefix 13_a; full orientation U.W; 4-point bending; condition DEV1; source object M. One specimen, not an average. Full context: provenance.csv keyed by sample_id. Unrecognized optional units remain only in the ledger. No X/Y/Z projection, guessed material/print join, effect or uncertainty estimate.",
RILEM TC 304-ADC participating lab 13,True,3d_printed,160.0,40.0,40.0,,,,30.0,5.799375,1,2208.59375,measured,10.5281/zenodo.12200570,"RILEM TC 304-ADC ILS-mech (2024), DOI 10.5281/zenodo.12200570","Source specimen 18809 (EXP_FLEX_13_a_spec_4D1UW2); mix prefix 13_a; full orientation U.W; 4-point bending; condition DEV1; source object M. One specimen, not an average. Full context: provenance.csv keyed by sample_id. Unrecognized optional units remain only in the ledger. No X/Y/Z projection, guessed material/print join, effect or uncertainty estimate.",
RILEM TC 304-ADC participating lab 13,True,3d_printed,160.0,40.0,40.0,,,,30.0,5.199375,1,2209.765625,measured,10.5281/zenodo.12200570,"RILEM TC 304-ADC ILS-mech (2024), DOI 10.5281/zenodo.12200570","Source specimen 18810 (EXP_FLEX_13_a_spec_4D1UW3); mix prefix 13_a; full orientation U.W; 4-point bending; condition DEV1; source object M. One specimen, not an average. Full context: provenance.csv keyed by sample_id. Unrecognized optional units remain only in the ledger. No X/Y/Z projection, guessed material/print join, effect or uncertainty estimate.",
RILEM TC 304-ADC participating lab 13,True,3d_printed,160.0,40.0,40.0,,,,30.0,6.0375,1,2184.765625,measured,10.5281/zenodo.12200570,"RILEM TC 304-ADC ILS-mech (2024), DOI 10.5281/zenodo.12200570","Source specimen 18811 (EXP_FLEX_13_a_spec_4D1UW4); mix prefix 13_a; full orientation U.W; 4-point bending; condition DEV1; source object M. One specimen, not an average. Full context: provenance.csv keyed by sample_id. Unrecognized optional units remain only in the ledger. No X/Y/Z projection, guessed material/print join, effect or uncertainty estimate.",
RILEM TC 304-ADC participating lab 13,True,3d_printed,159.9,40.0,40.0,,,,30.0,6.800625,1,2191.6041275797375,measured,10.5281/zenodo.12200570,"RILEM TC 304-ADC ILS-mech (2024), DOI 10.5281/zenodo.12200570","Source specimen 18812 (EXP_FLEX_13_a_spec_4D1UW5); mix prefix 13_a; full orientation U.W; 4-point bending; condition DEV1; source object M. One specimen, not an average. Full context: provenance.csv keyed by sample_id. Unrecognized optional units remain only in the ledger. No X/Y/Z projection, guessed material/print join, effect or uncertainty estimate.",
RILEM TC 304-ADC participating lab 13,True,3d_printed,160.0,40.0,40.0,,,,30.0,4.8,1,2082.8125,measured,10.5281/zenodo.12200570,"RILEM TC 304-ADC ILS-mech (2024), DOI 10.5281/zenodo.12200570","Source specimen 18828 (EXP_FLEX_13_a_spec_4D2UW1); mix prefix 13_a; full orientation U.W; 4-point bending; condition DEV2; source object M. One specimen, not an average. Full context: provenance.csv keyed by sample_id. Unrecognized optional units remain only in the ledger. No X/Y/Z projection, guessed material/print join, effect or uncertainty estimate.",
RILEM TC 304-ADC participating lab 13,True,3d_printed,160.0,40.0,40.0,,,,30.0,6.699375,1,2053.515625,measured,10.5281/zenodo.12200570,"RILEM TC 304-ADC ILS-mech (2024), DOI 10.5281/zenodo.12200570","Source specimen 18829 (EXP_FLEX_13_a_spec_4D2UW2); mix prefix 13_a; full orientation U.W; 4-point bending; condition DEV2; source object M. One specimen, not an average. Full context: provenance.csv keyed by sample_id. Unrecognized optional units remain only in the ledger. No X/Y/Z projection, guessed material/print join, effect or uncertainty estimate.",
RILEM TC 304-ADC participating lab 13,True,3d_printed,160.0,40.0,40.0,,,,30.0,5.799375,1,2119.53125,measured,10.5281/zenodo.12200570,"RILEM TC 304-ADC ILS-mech (2024), DOI 10.5281/zenodo.12200570","Source specimen 18830 (EXP_FLEX_13_a_spec_4D2UW3); mix prefix 13_a; full orientation U.W; 4-point bending; condition DEV2; source object M. One specimen, not an average. Full context: provenance.csv keyed by sample_id. Unrecognized optional units remain only in the ledger. No X/Y/Z projection, guessed material/print join, effect or uncertainty estimate.",
RILEM TC 304-ADC participating lab 13,True,3d_printed,160.0,39.9,40.0,,,,30.0,5.417293233082707,1,2111.920426065163,measured,10.5281/zenodo.12200570,"RILEM TC 304-ADC ILS-mech (2024), DOI 10.5281/zenodo.12200570","Source specimen 18831 (EXP_FLEX_13_a_spec_4D2UW4); mix prefix 13_a; full orientation U.W; 4-point bending; condition DEV2; source object M. One specimen, not an average. Full context: provenance.csv keyed by sample_id. Unrecognized optional units remain only in the ledger. No X/Y/Z projection, guessed material/print join, effect or uncertainty estimate.",
RILEM TC 304-ADC participating lab 13,True,3d_printed,160.0,40.0,40.0,,,,30.0,6.585,1,2056.640625,measured,10.5281/zenodo.12200570,"RILEM TC 304-ADC ILS-mech (2024), DOI 10.5281/zenodo.12200570","Source specimen 18832 (EXP_FLEX_13_a_spec_4D2UW5); mix prefix 13_a; full orientation U.W; 4-point bending; condition DEV2; source object M. One specimen, not an average. Full context: provenance.csv keyed by sample_id. Unrecognized optional units remain only in the ledger. No X/Y/Z projection, guessed material/print join, effect or uncertainty estimate.",
RILEM TC 304-ADC participating lab 13,True,3d_printed,160.0,40.0,40.0,,,,30.0,6.19875,1,2209.375,measured,10.5281/zenodo.12200570,"RILEM TC 304-ADC ILS-mech (2024), DOI 10.5281/zenodo.12200570","Source specimen 18788 (EXP_FLEX_13_a_spec_4UW1); mix prefix 13_a; full orientation U.W; 4-point bending; condition DEFAULT; source object M. One specimen, not an average. Full context: provenance.csv keyed by sample_id. Unrecognized optional units remain only in the ledger. No X/Y/Z projection, guessed material/print join, effect or uncertainty estimate.",
RILEM TC 304-ADC participating lab 13,True,3d_printed,160.0,40.0,40.0,,,,30.0,7.299375,1,2250.390625,measured,10.5281/zenodo.12200570,"RILEM TC 304-ADC ILS-mech (2024), DOI 10.5281/zenodo.12200570","Source specimen 18789 (EXP_FLEX_13_a_spec_4UW2); mix prefix 13_a; full orientation U.W; 4-point bending; condition DEFAULT; source object M. One specimen, not an average. Full context: provenance.csv keyed by sample_id. Unrecognized optional units remain only in the ledger. No X/Y/Z projection, guessed material/print join, effect or uncertainty estimate.",
RILEM TC 304-ADC participating lab 13,True,3d_printed,160.0,40.0,40.0,,,,30.0,8.900625,1,2201.171875,measured,10.5281/zenodo.12200570,"RILEM TC 304-ADC ILS-mech (2024), DOI 10.5281/zenodo.12200570","Source specimen 18790 (EXP_FLEX_13_a_spec_4UW3); mix prefix 13_a; full orientation U.W; 4-point bending; condition DEFAULT; source object M. One specimen, not an average. Full context: provenance.csv keyed by sample_id. Unrecognized optional units remain only in the ledger. No X/Y/Z projection, guessed material/print join, effect or uncertainty estimate.",
RILEM TC 304-ADC participating lab 13,True,3d_printed,160.0,40.0,40.0,,,,30.0,7.100625,1,2192.1875,measured,10.5281/zenodo.12200570,"RILEM TC 304-ADC ILS-mech (2024), DOI 10.5281/zenodo.12200570","Source specimen 18791 (EXP_FLEX_13_a_spec_4UW4); mix prefix 13_a; full orientation U.W; 4-point bending; condition DEFAULT; source object M. One specimen, not an average. Full context: provenance.csv keyed by sample_id. Unrecognized optional units remain only in the ledger. No X/Y/Z projection, guessed material/print join, effect or uncertainty estimate.",
RILEM TC 304-ADC participating lab 13,True,3d_printed,160.0,40.0,39.9,,,,30.0,7.239904271958092,1,2157.7380952380954,measured,10.5281/zenodo.12200570,"RILEM TC 304-ADC ILS-mech (2024), DOI 10.5281/zenodo.12200570","Source specimen 18792 (EXP_FLEX_13_a_spec_4UW5); mix prefix 13_a; full orientation U.W; 4-point bending; condition DEFAULT; source object M. One specimen, not an average. Full context: provenance.csv keyed by sample_id. Unrecognized optional units remain only in the ledger. No X/Y/Z projection, guessed material/print join, effect or uncertainty estimate.",
RILEM TC 304-ADC participating lab 13,False,cast,160.0,40.0,40.0,cast,CAST,,30.0,10.00078125,1,2271.484375,measured,10.5281/zenodo.12200570,"RILEM TC 304-ADC ILS-mech (2024), DOI 10.5281/zenodo.12200570","Source specimen 18765 (EXP_FLEX_13_a_spec_5); mix prefix 13_a; full orientation CAST; 3-point bending; condition DEFAULT; source object cast M. One specimen, not an average. Full context: provenance.csv keyed by sample_id. Unrecognized optional units remain only in the ledger. No X/Y/Z projection, guessed material/print join, effect or uncertainty estimate.",
RILEM TC 304-ADC participating lab 13,False,cast,160.0,40.0,40.0,cast,CAST,,30.0,11.59921875,1,2267.96875,measured,10.5281/zenodo.12200570,"RILEM TC 304-ADC ILS-mech (2024), DOI 10.5281/zenodo.12200570","Source specimen 18766 (EXP_FLEX_13_a_spec_6); mix prefix 13_a; full orientation CAST; 3-point bending; condition DEFAULT; source object cast M. One specimen, not an average. Full context: provenance.csv keyed by sample_id. Unrecognized optional units remain only in the ledger. No X/Y/Z projection, guessed material/print join, effect or uncertainty estimate.",
RILEM TC 304-ADC participating lab 13,False,cast,400.0,100.0,99.9,cast,CAST,,30.0,9.222736249763276,1,2211.711711711712,measured,10.5281/zenodo.12200570,"RILEM TC 304-ADC ILS-mech (2024), DOI 10.5281/zenodo.12200570","Source specimen 18833 (EXP_FLEX_13_a_spec_C1); mix prefix 13_a; full orientation CAST; 3-point bending; condition DEFAULT; source object cast C-F1. One specimen, not an average. Full context: provenance.csv keyed by sample_id. Unrecognized optional units remain only in the ledger. No X/Y/Z projection, guessed material/print join, effect or uncertainty estimate.",
RILEM TC 304-ADC participating lab 13,False,cast,400.0,100.0,100.1,cast,CAST,,30.0,10.499091318272137,1,2173.626373626374,measured,10.5281/zenodo.12200570,"RILEM TC 304-ADC ILS-mech (2024), DOI 10.5281/zenodo.12200570","Source specimen 18834 (EXP_FLEX_13_a_spec_C2); mix prefix 13_a; full orientation CAST; 3-point bending; condition DEFAULT; source object cast C-F1. One specimen, not an average. Full context: provenance.csv keyed by sample_id. Unrecognized optional units remain only in the ledger. No X/Y/Z projection, guessed material/print join, effect or uncertainty estimate.",
RILEM TC 304-ADC participating lab 13,False,cast,400.0,100.0,100.2,cast,CAST,,30.0,8.379647889849045,1,2176.172654690619,measured,10.5281/zenodo.12200570,"RILEM TC 304-ADC ILS-mech (2024), DOI 10.5281/zenodo.12200570","Source specimen 18835 (EXP_FLEX_13_a_spec_C3); mix prefix 13_a; full orientation CAST; 3-point bending; condition DEFAULT; source object cast C-F1. One specimen, not an average. Full context: provenance.csv keyed by sample_id. Unrecognized optional units remain only in the ledger. No X/Y/Z projection, guessed material/print join, effect or uncertainty estimate.",
RILEM TC 304-ADC participating lab 13,False,cast,400.0,100.0,100.0,cast,CAST,,30.0,9.06165,1,2143.45,measured,10.5281/zenodo.12200570,"RILEM TC 304-ADC ILS-mech (2024), DOI 10.5281/zenodo.12200570","Source specimen 18836 (EXP_FLEX_13_a_spec_C4); mix prefix 13_a; full orientation CAST; 3-point bending; condition DEFAULT; source object cast C-F1. One specimen, not an average. Full context: provenance.csv keyed by sample_id. Unrecognized optional units remain only in the ledger. No X/Y/Z projection, guessed material/print join, effect or uncertainty estimate.",
RILEM TC 304-ADC participating lab 13,False,cast,400.0,100.0,99.9,cast,CAST,,30.0,8.724941157373589,1,2190.5155155155153,measured,10.5281/zenodo.12200570,"RILEM TC 304-ADC ILS-mech (2024), DOI 10.5281/zenodo.12200570","Source specimen 18837 (EXP_FLEX_13_a_spec_C5); mix prefix 13_a; full orientation CAST; 3-point bending; condition DEFAULT; source object cast C-F1. One specimen, not an average. Full context: provenance.csv keyed by sample_id. Unrecognized optional units remain only in the ledger. No X/Y/Z projection, guessed material/print join, effect or uncertainty estimate.",
RILEM TC 304-ADC participating lab 13,True,3d_printed,400.0,100.0,99.9,,,,30.0,8.708257807356906,1,2163.4134134134133,measured,10.5281/zenodo.12200570,"RILEM TC 304-ADC ILS-mech (2024), DOI 10.5281/zenodo.12200570","Source specimen 18843 (EXP_FLEX_13_a_spec_CUW1); mix prefix 13_a; full orientation U.W; 3-point bending; condition DEFAULT; source object C-F1. One specimen, not an average. Full context: provenance.csv keyed by sample_id. Unrecognized optional units remain only in the ledger. No X/Y/Z projection, guessed material/print join, effect or uncertainty estimate.",
RILEM TC 304-ADC participating lab 13,True,3d_printed,400.0,100.0,100.0,,,,30.0,7.08615,1,2150.075,measured,10.5281/zenodo.12200570,"RILEM TC 304-ADC ILS-mech (2024), DOI 10.5281/zenodo.12200570","Source specimen 18844 (EXP_FLEX_13_a_spec_CUW2); mix prefix 13_a; full orientation U.W; 3-point bending; condition DEFAULT; source object C-F1. One specimen, not an average. Full context: provenance.csv keyed by sample_id. Unrecognized optional units remain only in the ledger. No X/Y/Z projection, guessed material/print join, effect or uncertainty estimate.",
RILEM TC 304-ADC participating lab 13,True,3d_printed,400.0,100.0,100.0,,,,30.0,6.90975,1,2189.2,measured,10.5281/zenodo.12200570,"RILEM TC 304-ADC ILS-mech (2024), DOI 10.5281/zenodo.12200570","Source specimen 18845 (EXP_FLEX_13_a_spec_CUW3); mix prefix 13_a; full orientation U.W; 3-point bending; condition DEFAULT; source object C-F1. One specimen, not an average. Full context: provenance.csv keyed by sample_id. Unrecognized optional units remain only in the ledger. No X/Y/Z projection, guessed material/print join, effect or uncertainty estimate.",
RILEM TC 304-ADC participating lab 13,True,3d_printed,400.0,100.0,100.0,,,,30.0,7.2126,1,2181.2,measured,10.5281/zenodo.12200570,"RILEM TC 304-ADC ILS-mech (2024), DOI 10.5281/zenodo.12200570","Source specimen 18846 (EXP_FLEX_13_a_spec_CUW4); mix prefix 13_a; full orientation U.W; 3-point bending; condition DEFAULT; source object C-F1. One specimen, not an average. Full context: provenance.csv keyed by sample_id. Unrecognized optional units remain only in the ledger. No X/Y/Z projection, guessed material/print join, effect or uncertainty estimate.",
RILEM TC 304-ADC participating lab 13,True,3d_printed,400.0,100.0,100.0,,,,30.0,7.39305,1,2184.3,measured,10.5281/zenodo.12200570,"RILEM TC 304-ADC ILS-mech (2024), DOI 10.5281/zenodo.12200570","Source specimen 18847 (EXP_FLEX_13_a_spec_CUW5); mix prefix 13_a; full orientation U.W; 3-point bending; condition DEFAULT; source object C-F1. One specimen, not an average. Full context: provenance.csv keyed by sample_id. Unrecognized optional units remain only in the ledger. No X/Y/Z projection, guessed material/print join, effect or uncertainty estimate.",
RILEM TC 304-ADC participating lab 13,True,3d_printed,400.0,100.0,100.0,,,,30.0,11.1825,1,2176.525,measured,10.5281/zenodo.12200570,"RILEM TC 304-ADC ILS-mech (2024), DOI 10.5281/zenodo.12200570","Source specimen 18848 (EXP_FLEX_13_a_spec_CVU1); mix prefix 13_a; full orientation V.U; 3-point bending; condition DEFAULT; source object C-F2. One specimen, not an average. Full context: provenance.csv keyed by sample_id. Unrecognized optional units remain only in the ledger. No X/Y/Z projection, guessed material/print join, effect or uncertainty estimate.",
RILEM TC 304-ADC participating lab 13,True,3d_printed,400.0,100.0,100.0,,,,30.0,9.78525,1,2199.925,measured,10.5281/zenodo.12200570,"RILEM TC 304-ADC ILS-mech (2024), DOI 10.5281/zenodo.12200570","Source specimen 18849 (EXP_FLEX_13_a_spec_CVU2); mix prefix 13_a; full orientation V.U; 3-point bending; condition DEFAULT; source object C-F2. One specimen, not an average. Full context: provenance.csv keyed by sample_id. Unrecognized optional units remain only in the ledger. No X/Y/Z projection, guessed material/print join, effect or uncertainty estimate.",
RILEM TC 304-ADC participating lab 13,True,3d_printed,400.0,100.0,100.0,,,,30.0,10.28025,1,2209.75,measured,10.5281/zenodo.12200570,"RILEM TC 304-ADC ILS-mech (2024), DOI 10.5281/zenodo.12200570","Source specimen 18850 (EXP_FLEX_13_a_spec_CVU3); mix prefix 13_a; full orientation V.U; 3-point bending; condition DEFAULT; source object C-F2. One specimen, not an average. Full context: provenance.csv keyed by sample_id. Unrecognized optional units remain only in the ledger. No X/Y/Z projection, guessed material/print join, effect or uncertainty estimate.",
RILEM TC 304-ADC participating lab 13,True,3d_printed,399.9,100.0,100.0,,,,30.0,9.2034,1,2172.068017004251,measured,10.5281/zenodo.12200570,"RILEM TC 304-ADC ILS-mech (2024), DOI 10.5281/zenodo.12200570","Source specimen 18851 (EXP_FLEX_13_a_spec_CVU4); mix prefix 13_a; full orientation V.U; 3-point bending; condition DEFAULT; source object C-F2. One specimen, not an average. Full context: provenance.csv keyed by sample_id. Unrecognized optional units remain only in the ledger. No X/Y/Z projection, guessed material/print join, effect or uncertainty estimate.",
RILEM TC 304-ADC participating lab 13,True,3d_printed,400.0,100.0,100.0,,,,30.0,9.4653,1,2171.85,measured,10.5281/zenodo.12200570,"RILEM TC 304-ADC ILS-mech (2024), DOI 10.5281/zenodo.12200570","Source specimen 18852 (EXP_FLEX_13_a_spec_CVU5); mix prefix 13_a; full orientation V.U; 3-point bending; condition DEFAULT; source object C-F2. One specimen, not an average. Full context: provenance.csv keyed by sample_id. Unrecognized optional units remain only in the ledger. No X/Y/Z projection, guessed material/print join, effect or uncertainty estimate.",
RILEM TC 304-ADC participating lab 13,True,3d_printed,400.0,100.0,100.0,,,,30.0,9.77805,1,2213.2,measured,10.5281/zenodo.12200570,"RILEM TC 304-ADC ILS-mech (2024), DOI 10.5281/zenodo.12200570","Source specimen 18853 (EXP_FLEX_13_a_spec_CWU1); mix prefix 13_a; full orientation W.U; 3-point bending; condition DEFAULT; source object C-F2. One specimen, not an average. Full context: provenance.csv keyed by sample_id. Unrecognized optional units remain only in the ledger. No X/Y/Z projection, guessed material/print join, effect or uncertainty estimate.",
RILEM TC 304-ADC participating lab 13,True,3d_printed,400.0,100.0,100.0,,,,30.0,8.6355,1,2184.175,measured,10.5281/zenodo.12200570,"RILEM TC 304-ADC ILS-mech (2024), DOI 10.5281/zenodo.12200570","Source specimen 18854 (EXP_FLEX_13_a_spec_CWU2); mix prefix 13_a; full orientation W.U; 3-point bending; condition DEFAULT; source object C-F2. One specimen, not an average. Full context: provenance.csv keyed by sample_id. Unrecognized optional units remain only in the ledger. No X/Y/Z projection, guessed material/print join, effect or uncertainty estimate.",
RILEM TC 304-ADC participating lab 13,True,3d_printed,400.0,100.0,100.0,,,,30.0,9.11385,1,2188.425,measured,10.5281/zenodo.12200570,"RILEM TC 304-ADC ILS-mech (2024), DOI 10.5281/zenodo.12200570","Source specimen 18855 (EXP_FLEX_13_a_spec_CWU3); mix prefix 13_a; full orientation W.U; 3-point bending; condition DEFAULT; source object C-F2. One specimen, not an average. Full context: provenance.csv keyed by sample_id. Unrecognized optional units remain only in the ledger. No X/Y/Z projection, guessed material/print join, effect or uncertainty estimate.",
RILEM TC 304-ADC participating lab 13,True,3d_printed,400.0,99.9,100.0,,,,30.0,9.068468468468469,1,2174.2992992992995,measured,10.5281/zenodo.12200570,"RILEM TC 304-ADC ILS-mech (2024), DOI 10.5281/zenodo.12200570","Source specimen 18856 (EXP_FLEX_13_a_spec_CWU4); mix prefix 13_a; full orientation W.U; 3-point bending; condition DEFAULT; source object C-F2. One specimen, not an average. Full context: provenance.csv keyed by sample_id. Unrecognized optional units remain only in the ledger. No X/Y/Z projection, guessed material/print join, effect or uncertainty estimate.",
RILEM TC 304-ADC participating lab 13,True,3d_printed,400.0,100.0,100.0,,,,30.0,10.18575,1,2206.35,measured,10.5281/zenodo.12200570,"RILEM TC 304-ADC ILS-mech (2024), DOI 10.5281/zenodo.12200570","Source specimen 18857 (EXP_FLEX_13_a_spec_CWU5); mix prefix 13_a; full orientation W.U; 3-point bending; condition DEFAULT; source object C-F2. One specimen, not an average. Full context: provenance.csv keyed by sample_id. Unrecognized optional units remain only in the ledger. No X/Y/Z projection, guessed material/print join, effect or uncertainty estimate.",
RILEM TC 304-ADC participating lab 13,True,3d_printed,160.0,40.0,39.9,,,,30.0,6.637835189477453,1,2212.9542606516293,measured,10.5281/zenodo.12200570,"RILEM TC 304-ADC ILS-mech (2024), DOI 10.5281/zenodo.12200570","Source specimen 18793 (EXP_FLEX_13_a_spec_D1UW1); mix prefix 13_a; full orientation U.W; 3-point bending; condition DEV1; source object M. One specimen, not an average. Full context: provenance.csv keyed by sample_id. Unrecognized optional units remain only in the ledger. No X/Y/Z projection, guessed material/print join, effect or uncertainty estimate.",
RILEM TC 304-ADC participating lab 13,True,3d_printed,160.0,40.0,40.0,,,,30.0,6.02109375,1,2216.40625,measured,10.5281/zenodo.12200570,"RILEM TC 304-ADC ILS-mech (2024), DOI 10.5281/zenodo.12200570","Source specimen 18794 (EXP_FLEX_13_a_spec_D1UW2); mix prefix 13_a; full orientation U.W; 3-point bending; condition DEV1; source object M. One specimen, not an average. Full context: provenance.csv keyed by sample_id. Unrecognized optional units remain only in the ledger. No X/Y/Z projection, guessed material/print join, effect or uncertainty estimate.",
RILEM TC 304-ADC participating lab 13,True,3d_printed,160.0,40.0,40.0,,,,30.0,6.19921875,1,2171.484375,measured,10.5281/zenodo.12200570,"RILEM TC 304-ADC ILS-mech (2024), DOI 10.5281/zenodo.12200570","Source specimen 18795 (EXP_FLEX_13_a_spec_D1UW3); mix prefix 13_a; full orientation U.W; 3-point bending; condition DEV1; source object M. One specimen, not an average. Full context: provenance.csv keyed by sample_id. Unrecognized optional units remain only in the ledger. No X/Y/Z projection, guessed material/print join, effect or uncertainty estimate.",
RILEM TC 304-ADC participating lab 13,True,3d_printed,160.0,40.0,40.0,,,,30.0,7.30078125,1,2198.828125,measured,10.5281/zenodo.12200570,"RILEM TC 304-ADC ILS-mech (2024), DOI 10.5281/zenodo.12200570","Source specimen 18796 (EXP_FLEX_13_a_spec_D1UW4); mix prefix 13_a; full orientation U.W; 3-point bending; condition DEV1; source object M. One specimen, not an average. Full context: provenance.csv keyed by sample_id. Unrecognized optional units remain only in the ledger. No X/Y/Z projection, guessed material/print join, effect or uncertainty estimate.",
RILEM TC 304-ADC participating lab 13,True,3d_printed,160.0,40.0,40.0,,,,30.0,6.70078125,1,2239.84375,measured,10.5281/zenodo.12200570,"RILEM TC 304-ADC ILS-mech (2024), DOI 10.5281/zenodo.12200570","Source specimen 18797 (EXP_FLEX_13_a_spec_D1UW5); mix prefix 13_a; full orientation U.W; 3-point bending; condition DEV1; source object M. One specimen, not an average. Full context: provenance.csv keyed by sample_id. Unrecognized optional units remain only in the ledger. No X/Y/Z projection, guessed material/print join, effect or uncertainty estimate.",
RILEM TC 304-ADC participating lab 13,True,3d_printed,160.0,40.0,40.0,,,,30.0,9.0,1,2217.578125,measured,10.5281/zenodo.12200570,"RILEM TC 304-ADC ILS-mech (2024), DOI 10.5281/zenodo.12200570","Source specimen 18798 (EXP_FLEX_13_a_spec_D1VU1); mix prefix 13_a; full orientation V.U; 3-point bending; condition DEV1; source object M. One specimen, not an average. Full context: provenance.csv keyed by sample_id. Unrecognized optional units remain only in the ledger. No X/Y/Z projection, guessed material/print join, effect or uncertainty estimate.",
RILEM TC 304-ADC participating lab 13,True,3d_printed,160.0,40.0,40.0,,,,30.0,10.09921875,1,2194.53125,measured,10.5281/zenodo.12200570,"RILEM TC 304-ADC ILS-mech (2024), DOI 10.5281/zenodo.12200570","Source specimen 18799 (EXP_FLEX_13_a_spec_D1VU2); mix prefix 13_a; full orientation V.U; 3-point bending; condition DEV1; source object M. One specimen, not an average. Full context: provenance.csv keyed by sample_id. Unrecognized optional units remain only in the ledger. No X/Y/Z projection, guessed material/print join, effect or uncertainty estimate.",
RILEM TC 304-ADC participating lab 13,True,3d_printed,160.0,40.1,40.0,,,,30.0,9.67425187032419,1,2240.8821695760603,measured,10.5281/zenodo.12200570,"RILEM TC 304-ADC ILS-mech (2024), DOI 10.5281/zenodo.12200570","Source specimen 18800 (EXP_FLEX_13_a_spec_D1VU3); mix prefix 13_a; full orientation V.U; 3-point bending; condition DEV1; source object M. One specimen, not an average. Full context: provenance.csv keyed by sample_id. Unrecognized optional units remain only in the ledger. No X/Y/Z projection, guessed material/print join, effect or uncertainty estimate.",
RILEM TC 304-ADC participating lab 13,True,3d_printed,160.0,40.0,40.0,,,,30.0,8.80078125,1,2206.640625,measured,10.5281/zenodo.12200570,"RILEM TC 304-ADC ILS-mech (2024), DOI 10.5281/zenodo.12200570","Source specimen 18801 (EXP_FLEX_13_a_spec_D1VU4); mix prefix 13_a; full orientation V.U; 3-point bending; condition DEV1; source object M. One specimen, not an average. Full context: provenance.csv keyed by sample_id. Unrecognized optional units remain only in the ledger. No X/Y/Z projection, guessed material/print join, effect or uncertainty estimate.",
RILEM TC 304-ADC participating lab 13,True,3d_printed,160.0,40.0,40.0,,,,30.0,10.60078125,1,2182.421875,measured,10.5281/zenodo.12200570,"RILEM TC 304-ADC ILS-mech (2024), DOI 10.5281/zenodo.12200570","Source specimen 18802 (EXP_FLEX_13_a_spec_D1VU5); mix prefix 13_a; full orientation V.U; 3-point bending; condition DEV1; source object M. One specimen, not an average. Full context: provenance.csv keyed by sample_id. Unrecognized optional units remain only in the ledger. No X/Y/Z projection, guessed material/print join, effect or uncertainty estimate.",
RILEM TC 304-ADC participating lab 13,True,3d_printed,160.0,40.0,40.0,,,,30.0,10.5046875,1,2237.109375,measured,10.5281/zenodo.12200570,"RILEM TC 304-ADC ILS-mech (2024), DOI 10.5281/zenodo.12200570","Source specimen 18803 (EXP_FLEX_13_a_spec_D1WU1); mix prefix 13_a; full orientation W.U; 3-point bending; condition DEV1; source object M. One specimen, not an average. Full context: provenance.csv keyed by sample_id. Unrecognized optional units remain only in the ledger. No X/Y/Z projection, guessed material/print join, effect or uncertainty estimate.",
RILEM TC 304-ADC participating lab 13,True,3d_printed,160.0,40.0,40.0,,,,30.0,8.20078125,1,2183.59375,measured,10.5281/zenodo.12200570,"RILEM TC 304-ADC ILS-mech (2024), DOI 10.5281/zenodo.12200570","Source specimen 18804 (EXP_FLEX_13_a_spec_D1WU2); mix prefix 13_a; full orientation W.U; 3-point bending; condition DEV1; source object M. One specimen, not an average. Full context: provenance.csv keyed by sample_id. Unrecognized optional units remain only in the ledger. No X/Y/Z projection, guessed material/print join, effect or uncertainty estimate.",
RILEM TC 304-ADC participating lab 13,True,3d_printed,160.0,40.0,40.0,,,,30.0,9.3,1,2163.671875,measured,10.5281/zenodo.12200570,"RILEM TC 304-ADC ILS-mech (2024), DOI 10.5281/zenodo.12200570","Source specimen 18805 (EXP_FLEX_13_a_spec_D1WU3); mix prefix 13_a; full orientation W.U; 3-point bending; condition DEV1; source object M. One specimen, not an average. Full context: provenance.csv keyed by sample_id. Unrecognized optional units remain only in the ledger. No X/Y/Z projection, guessed material/print join, effect or uncertainty estimate.",
RILEM TC 304-ADC participating lab 13,True,3d_printed,160.0,40.0,40.0,,,,30.0,8.29921875,1,2231.640625,measured,10.5281/zenodo.12200570,"RILEM TC 304-ADC ILS-mech (2024), DOI 10.5281/zenodo.12200570","Source specimen 18806 (EXP_FLEX_13_a_spec_D1WU4); mix prefix 13_a; full orientation W.U; 3-point bending; condition DEV1; source object M. One specimen, not an average. Full context: provenance.csv keyed by sample_id. Unrecognized optional units remain only in the ledger. No X/Y/Z projection, guessed material/print join, effect or uncertainty estimate.",
RILEM TC 304-ADC participating lab 13,True,3d_printed,160.0,40.0,40.0,,,,30.0,10.09921875,1,2202.734375,measured,10.5281/zenodo.12200570,"RILEM TC 304-ADC ILS-mech (2024), DOI 10.5281/zenodo.12200570","Source specimen 18807 (EXP_FLEX_13_a_spec_D1WU5); mix prefix 13_a; full orientation W.U; 3-point bending; condition DEV1; source object M. One specimen, not an average. Full context: provenance.csv keyed by sample_id. Unrecognized optional units remain only in the ledger. No X/Y/Z projection, guessed material/print join, effect or uncertainty estimate.",
RILEM TC 304-ADC participating lab 13,True,3d_printed,160.0,40.0,40.0,,,,30.0,6.29765625,1,2050.0,measured,10.5281/zenodo.12200570,"RILEM TC 304-ADC ILS-mech (2024), DOI 10.5281/zenodo.12200570","Source specimen 18813 (EXP_FLEX_13_a_spec_D2UW1); mix prefix 13_a; full orientation U.W; 3-point bending; condition DEV2; source object M. One specimen, not an average. Full context: provenance.csv keyed by sample_id. Unrecognized optional units remain only in the ledger. No X/Y/Z projection, guessed material/print join, effect or uncertainty estimate.",
RILEM TC 304-ADC participating lab 13,True,3d_printed,160.0,40.0,40.0,,,,30.0,5.59921875,1,2094.921875,measured,10.5281/zenodo.12200570,"RILEM TC 304-ADC ILS-mech (2024), DOI 10.5281/zenodo.12200570","Source specimen 18814 (EXP_FLEX_13_a_spec_D2UW2); mix prefix 13_a; full orientation U.W; 3-point bending; condition DEV2; source object M. One specimen, not an average. Full context: provenance.csv keyed by sample_id. Unrecognized optional units remain only in the ledger. No X/Y/Z projection, guessed material/print join, effect or uncertainty estimate.",
RILEM TC 304-ADC participating lab 13,True,3d_printed,160.0,40.0,40.0,,,,30.0,7.1953125,1,2079.296875,measured,10.5281/zenodo.12200570,"RILEM TC 304-ADC ILS-mech (2024), DOI 10.5281/zenodo.12200570","Source specimen 18815 (EXP_FLEX_13_a_spec_D2UW3); mix prefix 13_a; full orientation U.W; 3-point bending; condition DEV2; source object M. One specimen, not an average. Full context: provenance.csv keyed by sample_id. Unrecognized optional units remain only in the ledger. No X/Y/Z projection, guessed material/print join, effect or uncertainty estimate.",
RILEM TC 304-ADC participating lab 13,True,3d_printed,160.0,40.0,40.0,,,,30.0,5.50078125,1,2121.875,measured,10.5281/zenodo.12200570,"RILEM TC 304-ADC ILS-mech (2024), DOI 10.5281/zenodo.12200570","Source specimen 18816 (EXP_FLEX_13_a_spec_D2UW4); mix prefix 13_a; full orientation U.W; 3-point bending; condition DEV2; source object M. One specimen, not an average. Full context: provenance.csv keyed by sample_id. Unrecognized optional units remain only in the ledger. No X/Y/Z projection, guessed material/print join, effect or uncertainty estimate.",
RILEM TC 304-ADC participating lab 13,True,3d_printed,160.0,40.0,39.9,,,,30.0,6.531837111575933,1,2115.0532581453635,measured,10.5281/zenodo.12200570,"RILEM TC 304-ADC ILS-mech (2024), DOI 10.5281/zenodo.12200570","Source specimen 18817 (EXP_FLEX_13_a_spec_D2UW5); mix prefix 13_a; full orientation U.W; 3-point bending; condition DEV2; source object M. One specimen, not an average. Full context: provenance.csv keyed by sample_id. Unrecognized optional units remain only in the ledger. No X/Y/Z projection, guessed material/print join, effect or uncertainty estimate.",
RILEM TC 304-ADC participating lab 13,True,3d_printed,160.0,40.0,40.0,,,,30.0,8.29921875,1,2134.765625,measured,10.5281/zenodo.12200570,"RILEM TC 304-ADC ILS-mech (2024), DOI 10.5281/zenodo.12200570","Source specimen 18818 (EXP_FLEX_13_a_spec_D2VU1); mix prefix 13_a; full orientation V.U; 3-point bending; condition DEV2; source object M. One specimen, not an average. Full context: provenance.csv keyed by sample_id. Unrecognized optional units remain only in the ledger. No X/Y/Z projection, guessed material/print join, effect or uncertainty estimate.",
RILEM TC 304-ADC participating lab 13,True,3d_printed,160.0,40.0,40.0,,,,30.0,10.30078125,1,2056.25,measured,10.5281/zenodo.12200570,"RILEM TC 304-ADC ILS-mech (2024), DOI 10.5281/zenodo.12200570","Source specimen 18819 (EXP_FLEX_13_a_spec_D2VU2); mix prefix 13_a; full orientation V.U; 3-point bending; condition DEV2; source object M. One specimen, not an average. Full context: provenance.csv keyed by sample_id. Unrecognized optional units remain only in the ledger. No X/Y/Z projection, guessed material/print join, effect or uncertainty estimate.",
RILEM TC 304-ADC participating lab 13,True,3d_printed,160.0,40.0,40.0,,,,30.0,10.90078125,1,2131.25,measured,10.5281/zenodo.12200570,"RILEM TC 304-ADC ILS-mech (2024), DOI 10.5281/zenodo.12200570","Source specimen 18820 (EXP_FLEX_13_a_spec_D2VU3); mix prefix 13_a; full orientation V.U; 3-point bending; condition DEV2; source object M. One specimen, not an average. Full context: provenance.csv keyed by sample_id. Unrecognized optional units remain only in the ledger. No X/Y/Z projection, guessed material/print join, effect or uncertainty estimate.",
RILEM TC 304-ADC participating lab 13,True,3d_printed,160.0,40.0,40.0,,,,30.0,9.10078125,1,2078.125,measured,10.5281/zenodo.12200570,"RILEM TC 304-ADC ILS-mech (2024), DOI 10.5281/zenodo.12200570","Source specimen 18821 (EXP_FLEX_13_a_spec_D2VU4); mix prefix 13_a; full orientation V.U; 3-point bending; condition DEV2; source object M. One specimen, not an average. Full context: provenance.csv keyed by sample_id. Unrecognized optional units remain only in the ledger. No X/Y/Z projection, guessed material/print join, effect or uncertainty estimate.",
RILEM TC 304-ADC participating lab 13,True,3d_printed,160.0,40.0,40.0,,,,30.0,9.6046875,1,2050.390625,measured,10.5281/zenodo.12200570,"RILEM TC 304-ADC ILS-mech (2024), DOI 10.5281/zenodo.12200570","Source specimen 18822 (EXP_FLEX_13_a_spec_D2VU5); mix prefix 13_a; full orientation V.U; 3-point bending; condition DEV2; source object M. One specimen, not an average. Full context: provenance.csv keyed by sample_id. Unrecognized optional units remain only in the ledger. No X/Y/Z projection, guessed material/print join, effect or uncertainty estimate.",
RILEM TC 304-ADC participating lab 13,True,3d_printed,160.0,40.0,40.0,,,,30.0,8.3953125,1,2072.265625,measured,10.5281/zenodo.12200570,"RILEM TC 304-ADC ILS-mech (2024), DOI 10.5281/zenodo.12200570","Source specimen 18823 (EXP_FLEX_13_a_spec_D2WU1); mix prefix 13_a; full orientation W.U; 3-point bending; condition DEV2; source object M. One specimen, not an average. Full context: provenance.csv keyed by sample_id. Unrecognized optional units remain only in the ledger. No X/Y/Z projection, guessed material/print join, effect or uncertainty estimate.",
RILEM TC 304-ADC participating lab 13,True,3d_printed,160.0,40.0,40.0,,,,30.0,8.89921875,1,2113.28125,measured,10.5281/zenodo.12200570,"RILEM TC 304-ADC ILS-mech (2024), DOI 10.5281/zenodo.12200570","Source specimen 18824 (EXP_FLEX_13_a_spec_D2WU2); mix prefix 13_a; full orientation W.U; 3-point bending; condition DEV2; source object M. One specimen, not an average. Full context: provenance.csv keyed by sample_id. Unrecognized optional units remain only in the ledger. No X/Y/Z projection, guessed material/print join, effect or uncertainty estimate.",
RILEM TC 304-ADC participating lab 13,True,3d_printed,160.0,40.0,40.0,,,,30.0,9.49921875,1,2089.0625,measured,10.5281/zenodo.12200570,"RILEM TC 304-ADC ILS-mech (2024), DOI 10.5281/zenodo.12200570","Source specimen 18825 (EXP_FLEX_13_a_spec_D2WU3); mix prefix 13_a; full orientation W.U; 3-point bending; condition DEV2; source object M. One specimen, not an average. Full context: provenance.csv keyed by sample_id. Unrecognized optional units remain only in the ledger. No X/Y/Z projection, guessed material/print join, effect or uncertainty estimate.",
RILEM TC 304-ADC participating lab 13,True,3d_printed,160.0,40.0,40.1,,,,30.0,7.959372143208064,1,2060.8634663341645,measured,10.5281/zenodo.12200570,"RILEM TC 304-ADC ILS-mech (2024), DOI 10.5281/zenodo.12200570","Source specimen 18826 (EXP_FLEX_13_a_spec_D2WU4); mix prefix 13_a; full orientation W.U; 3-point bending; condition DEV2; source object M. One specimen, not an average. Full context: provenance.csv keyed by sample_id. Unrecognized optional units remain only in the ledger. No X/Y/Z projection, guessed material/print join, effect or uncertainty estimate.",
RILEM TC 304-ADC participating lab 13,True,3d_printed,160.0,40.0,40.0,,,,30.0,9.19921875,1,2102.734375,measured,10.5281/zenodo.12200570,"RILEM TC 304-ADC ILS-mech (2024), DOI 10.5281/zenodo.12200570","Source specimen 18827 (EXP_FLEX_13_a_spec_D2WU5); mix prefix 13_a; full orientation W.U; 3-point bending; condition DEV2; source object M. One specimen, not an average. Full context: provenance.csv keyed by sample_id. Unrecognized optional units remain only in the ledger. No X/Y/Z projection, guessed material/print join, effect or uncertainty estimate.",
RILEM TC 304-ADC participating lab 13,True,3d_printed,160.0,40.0,40.0,,,,30.0,7.79296875,1,2218.359375,measured,10.5281/zenodo.12200570,"RILEM TC 304-ADC ILS-mech (2024), DOI 10.5281/zenodo.12200570","Source specimen 18773 (EXP_FLEX_13_a_spec_UW1); mix prefix 13_a; full orientation U.W; 3-point bending; condition DEFAULT; source object M. One specimen, not an average. Full context: provenance.csv keyed by sample_id. Unrecognized optional units remain only in the ledger. No X/Y/Z projection, guessed material/print join, effect or uncertainty estimate.",
RILEM TC 304-ADC participating lab 13,True,3d_printed,160.0,40.0,40.0,,,,30.0,6.19921875,1,2224.21875,measured,10.5281/zenodo.12200570,"RILEM TC 304-ADC ILS-mech (2024), DOI 10.5281/zenodo.12200570","Source specimen 18774 (EXP_FLEX_13_a_spec_UW2); mix prefix 13_a; full orientation U.W; 3-point bending; condition DEFAULT; source object M. One specimen, not an average. Full context: provenance.csv keyed by sample_id. Unrecognized optional units remain only in the ledger. No X/Y/Z projection, guessed material/print join, effect or uncertainty estimate.",
RILEM TC 304-ADC participating lab 13,True,3d_printed,159.9,40.0,40.0,,,,30.0,8.09296875,1,2172.8424015009377,measured,10.5281/zenodo.12200570,"RILEM TC 304-ADC ILS-mech (2024), DOI 10.5281/zenodo.12200570","Source specimen 18775 (EXP_FLEX_13_a_spec_UW3); mix prefix 13_a; full orientation U.W; 3-point bending; condition DEFAULT; source object M. One specimen, not an average. Full context: provenance.csv keyed by sample_id. Unrecognized optional units remain only in the ledger. No X/Y/Z projection, guessed material/print join, effect or uncertainty estimate.",
RILEM TC 304-ADC participating lab 13,True,3d_printed,160.0,40.0,39.9,,,,30.0,8.84495072267134,1,2190.632832080201,measured,10.5281/zenodo.12200570,"RILEM TC 304-ADC ILS-mech (2024), DOI 10.5281/zenodo.12200570","Source specimen 18776 (EXP_FLEX_13_a_spec_UW4); mix prefix 13_a; full orientation U.W; 3-point bending; condition DEFAULT; source object M. One specimen, not an average. Full context: provenance.csv keyed by sample_id. Unrecognized optional units remain only in the ledger. No X/Y/Z projection, guessed material/print join, effect or uncertainty estimate.",
RILEM TC 304-ADC participating lab 13,True,3d_printed,160.0,40.0,40.0,,,,30.0,7.39921875,1,2203.125,measured,10.5281/zenodo.12200570,"RILEM TC 304-ADC ILS-mech (2024), DOI 10.5281/zenodo.12200570","Source specimen 18777 (EXP_FLEX_13_a_spec_UW5); mix prefix 13_a; full orientation U.W; 3-point bending; condition DEFAULT; source object M. One specimen, not an average. Full context: provenance.csv keyed by sample_id. Unrecognized optional units remain only in the ledger. No X/Y/Z projection, guessed material/print join, effect or uncertainty estimate.",
RILEM TC 304-ADC participating lab 13,True,3d_printed,160.0,40.0,40.0,,,,30.0,11.4,1,2165.234375,measured,10.5281/zenodo.12200570,"RILEM TC 304-ADC ILS-mech (2024), DOI 10.5281/zenodo.12200570","Source specimen 18778 (EXP_FLEX_13_a_spec_VU1); mix prefix 13_a; full orientation V.U; 3-point bending; condition DEFAULT; source object M. One specimen, not an average. Full context: provenance.csv keyed by sample_id. Unrecognized optional units remain only in the ledger. No X/Y/Z projection, guessed material/print join, effect or uncertainty estimate.",
RILEM TC 304-ADC participating lab 13,True,3d_printed,160.0,40.0,40.0,,,,30.0,11.7984375,1,2243.75,measured,10.5281/zenodo.12200570,"RILEM TC 304-ADC ILS-mech (2024), DOI 10.5281/zenodo.12200570","Source specimen 18779 (EXP_FLEX_13_a_spec_VU2); mix prefix 13_a; full orientation V.U; 3-point bending; condition DEFAULT; source object M. One specimen, not an average. Full context: provenance.csv keyed by sample_id. Unrecognized optional units remain only in the ledger. No X/Y/Z projection, guessed material/print join, effect or uncertainty estimate.",
RILEM TC 304-ADC participating lab 13,True,3d_printed,160.0,40.0,40.0,,,,30.0,8.29921875,1,2155.859375,measured,10.5281/zenodo.12200570,"RILEM TC 304-ADC ILS-mech (2024), DOI 10.5281/zenodo.12200570","Source specimen 18780 (EXP_FLEX_13_a_spec_VU3); mix prefix 13_a; full orientation V.U; 3-point bending; condition DEFAULT; source object M. One specimen, not an average. Full context: provenance.csv keyed by sample_id. Unrecognized optional units remain only in the ledger. No X/Y/Z projection, guessed material/print join, effect or uncertainty estimate.",
RILEM TC 304-ADC participating lab 13,True,3d_printed,160.0,40.0,39.9,,,,30.0,10.149904837281174,1,2182.8007518796994,measured,10.5281/zenodo.12200570,"RILEM TC 304-ADC ILS-mech (2024), DOI 10.5281/zenodo.12200570","Source specimen 18781 (EXP_FLEX_13_a_spec_VU4); mix prefix 13_a; full orientation V.U; 3-point bending; condition DEFAULT; source object M. One specimen, not an average. Full context: provenance.csv keyed by sample_id. Unrecognized optional units remain only in the ledger. No X/Y/Z projection, guessed material/print join, effect or uncertainty estimate.",
RILEM TC 304-ADC participating lab 13,True,3d_printed,160.0,40.0,40.0,,,,30.0,10.5984375,1,2178.515625,measured,10.5281/zenodo.12200570,"RILEM TC 304-ADC ILS-mech (2024), DOI 10.5281/zenodo.12200570","Source specimen 18782 (EXP_FLEX_13_a_spec_VU5); mix prefix 13_a; full orientation V.U; 3-point bending; condition DEFAULT; source object M. One specimen, not an average. Full context: provenance.csv keyed by sample_id. Unrecognized optional units remain only in the ledger. No X/Y/Z projection, guessed material/print join, effect or uncertainty estimate.",
RILEM TC 304-ADC participating lab 13,True,3d_printed,160.0,40.0,40.0,,,,30.0,10.60078125,1,2196.875,measured,10.5281/zenodo.12200570,"RILEM TC 304-ADC ILS-mech (2024), DOI 10.5281/zenodo.12200570","Source specimen 18783 (EXP_FLEX_13_a_spec_WU1); mix prefix 13_a; full orientation W.U; 3-point bending; condition DEFAULT; source object M. One specimen, not an average. Full context: provenance.csv keyed by sample_id. Unrecognized optional units remain only in the ledger. No X/Y/Z projection, guessed material/print join, effect or uncertainty estimate.",
RILEM TC 304-ADC participating lab 13,True,3d_printed,160.0,40.0,40.0,,,,30.0,9.6,1,2235.9375,measured,10.5281/zenodo.12200570,"RILEM TC 304-ADC ILS-mech (2024), DOI 10.5281/zenodo.12200570","Source specimen 18784 (EXP_FLEX_13_a_spec_WU2); mix prefix 13_a; full orientation W.U; 3-point bending; condition DEFAULT; source object M. One specimen, not an average. Full context: provenance.csv keyed by sample_id. Unrecognized optional units remain only in the ledger. No X/Y/Z projection, guessed material/print join, effect or uncertainty estimate.",
RILEM TC 304-ADC participating lab 13,True,3d_printed,160.0,40.0,40.0,,,,30.0,11.29921875,1,2248.828125,measured,10.5281/zenodo.12200570,"RILEM TC 304-ADC ILS-mech (2024), DOI 10.5281/zenodo.12200570","Source specimen 18785 (EXP_FLEX_13_a_spec_WU3); mix prefix 13_a; full orientation W.U; 3-point bending; condition DEFAULT; source object M. One specimen, not an average. Full context: provenance.csv keyed by sample_id. Unrecognized optional units remain only in the ledger. No X/Y/Z projection, guessed material/print join, effect or uncertainty estimate.",
RILEM TC 304-ADC participating lab 13,True,3d_printed,159.9,40.0,40.0,,,,30.0,9.0140625,1,2243.198874296435,measured,10.5281/zenodo.12200570,"RILEM TC 304-ADC ILS-mech (2024), DOI 10.5281/zenodo.12200570","Source specimen 18786 (EXP_FLEX_13_a_spec_WU4); mix prefix 13_a; full orientation W.U; 3-point bending; condition DEFAULT; source object M. One specimen, not an average. Full context: provenance.csv keyed by sample_id. Unrecognized optional units remain only in the ledger. No X/Y/Z projection, guessed material/print join, effect or uncertainty estimate.",
RILEM TC 304-ADC participating lab 13,True,3d_printed,160.0,40.0,40.0,,,,30.0,10.5,1,2175.390625,measured,10.5281/zenodo.12200570,"RILEM TC 304-ADC ILS-mech (2024), DOI 10.5281/zenodo.12200570","Source specimen 18787 (EXP_FLEX_13_a_spec_WU5); mix prefix 13_a; full orientation W.U; 3-point bending; condition DEFAULT; source object M. One specimen, not an average. Full context: provenance.csv keyed by sample_id. Unrecognized optional units remain only in the ledger. No X/Y/Z projection, guessed material/print join, effect or uncertainty estimate.",
RILEM TC 304-ADC participating lab 19,False,cast,162.82,40.4,40.23,cast,CAST,,29.0,18.761949565024917,1,2246.3813717915327,measured,10.5281/zenodo.12200570,"RILEM TC 304-ADC ILS-mech (2024), DOI 10.5281/zenodo.12200570","Source specimen 22208 (EXP_FLEX_19_a_spec_103); mix prefix 19_a; full orientation CAST; 3-point bending; condition DEFAULT; source object cast FLEX1. One specimen, not an average. Full context: provenance.csv keyed by sample_id. Unrecognized optional units remain only in the ledger. No X/Y/Z projection, guessed material/print join, effect or uncertainty estimate.",
RILEM TC 304-ADC participating lab 19,False,cast,162.59,40.78,40.44,cast,CAST,,29.0,22.814787479975948,1,2238.319527754865,measured,10.5281/zenodo.12200570,"RILEM TC 304-ADC ILS-mech (2024), DOI 10.5281/zenodo.12200570","Source specimen 22209 (EXP_FLEX_19_a_spec_104); mix prefix 19_a; full orientation CAST; 3-point bending; condition DEFAULT; source object cast FLEX1. One specimen, not an average. Full context: provenance.csv keyed by sample_id. Unrecognized optional units remain only in the ledger. No X/Y/Z projection, guessed material/print join, effect or uncertainty estimate.",
RILEM TC 304-ADC participating lab 19,False,cast,162.41,40.41,40.29,cast,CAST,,29.0,19.888769005026333,1,2272.5726430477403,measured,10.5281/zenodo.12200570,"RILEM TC 304-ADC ILS-mech (2024), DOI 10.5281/zenodo.12200570","Source specimen 22210 (EXP_FLEX_19_a_spec_105); mix prefix 19_a; full orientation CAST; 3-point bending; condition DEFAULT; source object cast FLEX1. One specimen, not an average. Full context: provenance.csv keyed by sample_id. Unrecognized optional units remain only in the ledger. No X/Y/Z projection, guessed material/print join, effect or uncertainty estimate.",
RILEM TC 304-ADC participating lab 19,False,cast,161.0,40.47,40.22,cast,CAST,,29.0,20.33996130196758,1,2206.2102349980455,measured,10.5281/zenodo.12200570,"RILEM TC 304-ADC ILS-mech (2024), DOI 10.5281/zenodo.12200570","Source specimen 22211 (EXP_FLEX_19_a_spec_106); mix prefix 19_a; full orientation CAST; 3-point bending; condition DEFAULT; source object cast FLEX1. One specimen, not an average. Full context: provenance.csv keyed by sample_id. Unrecognized optional units remain only in the ledger. No X/Y/Z projection, guessed material/print join, effect or uncertainty estimate.",
RILEM TC 304-ADC participating lab 19,False,cast,161.03,40.43,40.27,cast,CAST,,29.0,22.028891092162894,1,2213.9746895500857,measured,10.5281/zenodo.12200570,"RILEM TC 304-ADC ILS-mech (2024), DOI 10.5281/zenodo.12200570","Source specimen 22212 (EXP_FLEX_19_a_spec_107); mix prefix 19_a; full orientation CAST; 3-point bending; condition DEFAULT; source object cast FLEX1. One specimen, not an average. Full context: provenance.csv keyed by sample_id. Unrecognized optional units remain only in the ledger. No X/Y/Z projection, guessed material/print join, effect or uncertainty estimate.",
RILEM TC 304-ADC participating lab 19,False,cast,161.71,40.52,40.31,cast,CAST,,29.0,19.44662876226888,1,2184.4476804003184,measured,10.5281/zenodo.12200570,"RILEM TC 304-ADC ILS-mech (2024), DOI 10.5281/zenodo.12200570","Source specimen 22213 (EXP_FLEX_19_a_spec_108); mix prefix 19_a; full orientation CAST; 3-point bending; condition DEFAULT; source object cast FLEX1. One specimen, not an average. Full context: provenance.csv keyed by sample_id. Unrecognized optional units remain only in the ledger. No X/Y/Z projection, guessed material/print join, effect or uncertainty estimate.",
RILEM TC 304-ADC participating lab 19,True,3d_printed,161.71,40.65,40.71,,,,29.0,8.980520759309496,1,2217.051691097139,measured,10.5281/zenodo.12200570,"RILEM TC 304-ADC ILS-mech (2024), DOI 10.5281/zenodo.12200570","Source specimen 22172 (EXP_FLEX_19_a_spec_43); mix prefix 19_a; full orientation U.W; 3-point bending; condition DEFAULT; source object FLEX1. One specimen, not an average. Full context: provenance.csv keyed by sample_id. Unrecognized optional units remain only in the ledger. No X/Y/Z projection, guessed material/print join, effect or uncertainty estimate.",
RILEM TC 304-ADC participating lab 19,True,3d_printed,161.52,39.99,39.97,,,,29.0,10.90831995991387,1,2037.3499322679372,measured,10.5281/zenodo.12200570,"RILEM TC 304-ADC ILS-mech (2024), DOI 10.5281/zenodo.12200570","Source specimen 22173 (EXP_FLEX_19_a_spec_44); mix prefix 19_a; full orientation U.W; 3-point bending; condition DEFAULT; source object FLEX1. One specimen, not an average. Full context: provenance.csv keyed by sample_id. Unrecognized optional units remain only in the ledger. No X/Y/Z projection, guessed material/print join, effect or uncertainty estimate.",
RILEM TC 304-ADC participating lab 19,True,3d_printed,160.94,40.76,40.81,,,,29.0,8.912817209646168,1,2124.275422719683,measured,10.5281/zenodo.12200570,"RILEM TC 304-ADC ILS-mech (2024), DOI 10.5281/zenodo.12200570","Source specimen 22174 (EXP_FLEX_19_a_spec_45); mix prefix 19_a; full orientation U.W; 3-point bending; condition DEFAULT; source object FLEX1. One specimen, not an average. Full context: provenance.csv keyed by sample_id. Unrecognized optional units remain only in the ledger. No X/Y/Z projection, guessed material/print join, effect or uncertainty estimate.",
RILEM TC 304-ADC participating lab 19,True,3d_printed,160.81,39.97,40.71,,,,29.0,8.559466684130008,1,2102.484557886015,measured,10.5281/zenodo.12200570,"RILEM TC 304-ADC ILS-mech (2024), DOI 10.5281/zenodo.12200570","Source specimen 22175 (EXP_FLEX_19_a_spec_46); mix prefix 19_a; full orientation U.W; 3-point bending; condition DEFAULT; source object FLEX1. One specimen, not an average. Full context: provenance.csv keyed by sample_id. Unrecognized optional units remain only in the ledger. No X/Y/Z projection, guessed material/print join, effect or uncertainty estimate.",
RILEM TC 304-ADC participating lab 19,True,3d_printed,160.66,38.72,40.43,,,,29.0,9.047846422963937,1,2055.4650093071577,measured,10.5281/zenodo.12200570,"RILEM TC 304-ADC ILS-mech (2024), DOI 10.5281/zenodo.12200570","Source specimen 22176 (EXP_FLEX_19_a_spec_47); mix prefix 19_a; full orientation U.W; 3-point bending; condition DEFAULT; source object FLEX1. One specimen, not an average. Full context: provenance.csv keyed by sample_id. Unrecognized optional units remain only in the ledger. No X/Y/Z projection, guessed material/print join, effect or uncertainty estimate.",
RILEM TC 304-ADC participating lab 19,True,3d_printed,161.02,39.24,41.24,,,,29.0,10.756665846069298,1,2046.9211199282222,measured,10.5281/zenodo.12200570,"RILEM TC 304-ADC ILS-mech (2024), DOI 10.5281/zenodo.12200570","Source specimen 22177 (EXP_FLEX_19_a_spec_48); mix prefix 19_a; full orientation U.W; 3-point bending; condition DEFAULT; source object FLEX1. One specimen, not an average. Full context: provenance.csv keyed by sample_id. Unrecognized optional units remain only in the ledger. No X/Y/Z projection, guessed material/print join, effect or uncertainty estimate.",
RILEM TC 304-ADC participating lab 19,True,3d_printed,161.72,41.94,41.22,,,,29.0,4.003661673692869,1,2001.1362420893277,measured,10.5281/zenodo.12200570,"RILEM TC 304-ADC ILS-mech (2024), DOI 10.5281/zenodo.12200570","Source specimen 22178 (EXP_FLEX_19_a_spec_49); mix prefix 19_a; full orientation U.W; 3-point bending; condition DEV2; source object FLEX1. One specimen, not an average. Full context: provenance.csv keyed by sample_id. Unrecognized optional units remain only in the ledger. No X/Y/Z projection, guessed material/print join, effect or uncertainty estimate.",
RILEM TC 304-ADC participating lab 19,True,3d_printed,161.19,41.84,42.76,,,,29.0,5.266096392290168,1,1995.1345895562456,measured,10.5281/zenodo.12200570,"RILEM TC 304-ADC ILS-mech (2024), DOI 10.5281/zenodo.12200570","Source specimen 22179 (EXP_FLEX_19_a_spec_50); mix prefix 19_a; full orientation U.W; 3-point bending; condition DEV2; source object FLEX1. One specimen, not an average. Full context: provenance.csv keyed by sample_id. Unrecognized optional units remain only in the ledger. No X/Y/Z projection, guessed material/print join, effect or uncertainty estimate.",
RILEM TC 304-ADC participating lab 19,True,3d_printed,161.35,42.09,42.96,,,,29.0,4.1091746023999045,1,2065.563637737296,measured,10.5281/zenodo.12200570,"RILEM TC 304-ADC ILS-mech (2024), DOI 10.5281/zenodo.12200570","Source specimen 22180 (EXP_FLEX_19_a_spec_51); mix prefix 19_a; full orientation U.W; 3-point bending; condition DEV2; source object FLEX1. One specimen, not an average. Full context: provenance.csv keyed by sample_id. Unrecognized optional units remain only in the ledger. No X/Y/Z projection, guessed material/print join, effect or uncertainty estimate.",
RILEM TC 304-ADC participating lab 19,True,3d_printed,160.77,41.14,42.17,,,,29.0,5.720368058252377,1,2044.2738794638838,measured,10.5281/zenodo.12200570,"RILEM TC 304-ADC ILS-mech (2024), DOI 10.5281/zenodo.12200570","Source specimen 22181 (EXP_FLEX_19_a_spec_52); mix prefix 19_a; full orientation U.W; 3-point bending; condition DEV2; source object FLEX1. One specimen, not an average. Full context: provenance.csv keyed by sample_id. Unrecognized optional units remain only in the ledger. No X/Y/Z projection, guessed material/print join, effect or uncertainty estimate.",
RILEM TC 304-ADC participating lab 19,True,3d_printed,159.82,39.32,40.02,,,,29.0,9.706834482450839,1,2103.458520253791,measured,10.5281/zenodo.12200570,"RILEM TC 304-ADC ILS-mech (2024), DOI 10.5281/zenodo.12200570","Source specimen 22182 (EXP_FLEX_19_a_spec_53); mix prefix 19_a; full orientation U.W; 3-point bending; condition DEV2; source object FLEX1. One specimen, not an average. Full context: provenance.csv keyed by sample_id. Unrecognized optional units remain only in the ledger. No X/Y/Z projection, guessed material/print join, effect or uncertainty estimate.",
RILEM TC 304-ADC participating lab 19,True,3d_printed,160.25,41.32,41.43,,,,29.0,12.721808123190918,1,2057.704315598812,measured,10.5281/zenodo.12200570,"RILEM TC 304-ADC ILS-mech (2024), DOI 10.5281/zenodo.12200570","Source specimen 22184 (EXP_FLEX_19_a_spec_55); mix prefix 19_a; full orientation V.U; 3-point bending; condition DEFAULT; source object FLEX2. One specimen, not an average. Full context: provenance.csv keyed by sample_id. Unrecognized optional units remain only in the ledger. No X/Y/Z projection, guessed material/print join, effect or uncertainty estimate.",
RILEM TC 304-ADC participating lab 19,True,3d_printed,160.44,40.21,42.29,,,,29.0,17.26743393222317,1,2154.493410682464,measured,10.5281/zenodo.12200570,"RILEM TC 304-ADC ILS-mech (2024), DOI 10.5281/zenodo.12200570","Source specimen 22185 (EXP_FLEX_19_a_spec_56); mix prefix 19_a; full orientation V.U; 3-point bending; condition DEFAULT; source object FLEX2. One specimen, not an average. Full context: provenance.csv keyed by sample_id. Unrecognized optional units remain only in the ledger. No X/Y/Z projection, guessed material/print join, effect or uncertainty estimate.",
RILEM TC 304-ADC participating lab 19,True,3d_printed,160.59,40.17,40.63,,,,29.0,12.925171750567456,1,2026.4778310768675,measured,10.5281/zenodo.12200570,"RILEM TC 304-ADC ILS-mech (2024), DOI 10.5281/zenodo.12200570","Source specimen 22186 (EXP_FLEX_19_a_spec_57); mix prefix 19_a; full orientation V.U; 3-point bending; condition DEFAULT; source object FLEX2. One specimen, not an average. Full context: provenance.csv keyed by sample_id. Unrecognized optional units remain only in the ledger. No X/Y/Z projection, guessed material/print join, effect or uncertainty estimate.",
RILEM TC 304-ADC participating lab 19,True,3d_printed,161.05,41.28,38.29,,,,29.0,16.50650268647029,1,1990.1206282493756,measured,10.5281/zenodo.12200570,"RILEM TC 304-ADC ILS-mech (2024), DOI 10.5281/zenodo.12200570","Source specimen 22187 (EXP_FLEX_19_a_spec_58); mix prefix 19_a; full orientation V.U; 3-point bending; condition DEFAULT; source object FLEX2. One specimen, not an average. Full context: provenance.csv keyed by sample_id. Unrecognized optional units remain only in the ledger. No X/Y/Z projection, guessed material/print join, effect or uncertainty estimate.",
RILEM TC 304-ADC participating lab 19,True,3d_printed,161.27,39.02,38.19,,,,29.0,10.494228704157171,1,2099.031749307961,measured,10.5281/zenodo.12200570,"RILEM TC 304-ADC ILS-mech (2024), DOI 10.5281/zenodo.12200570","Source specimen 22188 (EXP_FLEX_19_a_spec_59); mix prefix 19_a; full orientation V.U; 3-point bending; condition DEFAULT; source object FLEX2. One specimen, not an average. Full context: provenance.csv keyed by sample_id. Unrecognized optional units remain only in the ledger. No X/Y/Z projection, guessed material/print join, effect or uncertainty estimate.",
RILEM TC 304-ADC participating lab 19,True,3d_printed,160.89,42.43,42.81,,,,29.0,9.497457508042139,1,2047.835530084555,measured,10.5281/zenodo.12200570,"RILEM TC 304-ADC ILS-mech (2024), DOI 10.5281/zenodo.12200570","Source specimen 22189 (EXP_FLEX_19_a_spec_60); mix prefix 19_a; full orientation V.U; 3-point bending; condition DEFAULT; source object FLEX2. One specimen, not an average. Full context: provenance.csv keyed by sample_id. Unrecognized optional units remain only in the ledger. No X/Y/Z projection, guessed material/print join, effect or uncertainty estimate.",
RILEM TC 304-ADC participating lab 19,True,3d_printed,161.69,41.35,42.2,,,,29.0,16.01433308634945,1,1989.4791436174673,measured,10.5281/zenodo.12200570,"RILEM TC 304-ADC ILS-mech (2024), DOI 10.5281/zenodo.12200570","Source specimen 22190 (EXP_FLEX_19_a_spec_61); mix prefix 19_a; full orientation V.U; 3-point bending; condition DEV2; source object FLEX2. One specimen, not an average. Full context: provenance.csv keyed by sample_id. Unrecognized optional units remain only in the ledger. No X/Y/Z projection, guessed material/print join, effect or uncertainty estimate.",
RILEM TC 304-ADC participating lab 19,True,3d_printed,161.35,41.38,39.98,,,,29.0,17.715064429767093,1,2041.7484053061396,measured,10.5281/zenodo.12200570,"RILEM TC 304-ADC ILS-mech (2024), DOI 10.5281/zenodo.12200570","Source specimen 22191 (EXP_FLEX_19_a_spec_62); mix prefix 19_a; full orientation V.U; 3-point bending; condition DEV2; source object FLEX2. One specimen, not an average. Full context: provenance.csv keyed by sample_id. Unrecognized optional units remain only in the ledger. No X/Y/Z projection, guessed material/print join, effect or uncertainty estimate.",
RILEM TC 304-ADC participating lab 19,True,3d_printed,161.55,41.95,39.81,,,,29.0,16.416001773838858,1,2074.847934012493,measured,10.5281/zenodo.12200570,"RILEM TC 304-ADC ILS-mech (2024), DOI 10.5281/zenodo.12200570","Source specimen 22192 (EXP_FLEX_19_a_spec_63); mix prefix 19_a; full orientation V.U; 3-point bending; condition DEV2; source object FLEX2. One specimen, not an average. Full context: provenance.csv keyed by sample_id. Unrecognized optional units remain only in the ledger. No X/Y/Z projection, guessed material/print join, effect or uncertainty estimate.",
RILEM TC 304-ADC participating lab 19,True,3d_printed,161.42,41.16,38.95,,,,29.0,14.020982907598096,1,2078.631578022124,measured,10.5281/zenodo.12200570,"RILEM TC 304-ADC ILS-mech (2024), DOI 10.5281/zenodo.12200570","Source specimen 22193 (EXP_FLEX_19_a_spec_64); mix prefix 19_a; full orientation V.U; 3-point bending; condition DEV2; source object FLEX2. One specimen, not an average. Full context: provenance.csv keyed by sample_id. Unrecognized optional units remain only in the ledger. No X/Y/Z projection, guessed material/print join, effect or uncertainty estimate.",
RILEM TC 304-ADC participating lab 19,True,3d_printed,160.12,40.62,40.91,,,,29.0,14.523167418769805,1,2142.6127197624523,measured,10.5281/zenodo.12200570,"RILEM TC 304-ADC ILS-mech (2024), DOI 10.5281/zenodo.12200570","Source specimen 22194 (EXP_FLEX_19_a_spec_65); mix prefix 19_a; full orientation V.U; 3-point bending; condition DEV2; source object FLEX2. One specimen, not an average. Full context: provenance.csv keyed by sample_id. Unrecognized optional units remain only in the ledger. No X/Y/Z projection, guessed material/print join, effect or uncertainty estimate.",
RILEM TC 304-ADC participating lab 19,True,3d_printed,160.22,40.41,41.33,,,,29.0,15.708038111821416,1,2202.580448896381,measured,10.5281/zenodo.12200570,"RILEM TC 304-ADC ILS-mech (2024), DOI 10.5281/zenodo.12200570","Source specimen 22195 (EXP_FLEX_19_a_spec_66); mix prefix 19_a; full orientation V.U; 3-point bending; condition DEV2; source object FLEX2. One specimen, not an average. Full context: provenance.csv keyed by sample_id. Unrecognized optional units remain only in the ledger. No X/Y/Z projection, guessed material/print join, effect or uncertainty estimate.",
RILEM TC 304-ADC participating lab 19,True,3d_printed,161.04,41.98,41.77,,,,29.0,15.221603378839413,1,2023.1288940764605,measured,10.5281/zenodo.12200570,"RILEM TC 304-ADC ILS-mech (2024), DOI 10.5281/zenodo.12200570","Source specimen 22196 (EXP_FLEX_19_a_spec_67); mix prefix 19_a; full orientation W.U; 3-point bending; condition DEFAULT; source object FLEX3. One specimen, not an average. Full context: provenance.csv keyed by sample_id. Unrecognized optional units remain only in the ledger. No X/Y/Z projection, guessed material/print join, effect or uncertainty estimate.",
RILEM TC 304-ADC participating lab 19,True,3d_printed,161.04,41.11,38.04,,,,29.0,15.077662833947542,1,2181.2807687479353,measured,10.5281/zenodo.12200570,"RILEM TC 304-ADC ILS-mech (2024), DOI 10.5281/zenodo.12200570","Source specimen 22197 (EXP_FLEX_19_a_spec_68); mix prefix 19_a; full orientation W.U; 3-point bending; condition DEFAULT; source object FLEX3. One specimen, not an average. Full context: provenance.csv keyed by sample_id. Unrecognized optional units remain only in the ledger. No X/Y/Z projection, guessed material/print join, effect or uncertainty estimate.",
RILEM TC 304-ADC participating lab 19,True,3d_printed,161.18,41.6,42.17,,,,29.0,15.401657072150876,1,1877.889700830737,measured,10.5281/zenodo.12200570,"RILEM TC 304-ADC ILS-mech (2024), DOI 10.5281/zenodo.12200570","Source specimen 22198 (EXP_FLEX_19_a_spec_69); mix prefix 19_a; full orientation W.U; 3-point bending; condition DEFAULT; source object FLEX3. One specimen, not an average. Full context: provenance.csv keyed by sample_id. Unrecognized optional units remain only in the ledger. No X/Y/Z projection, guessed material/print join, effect or uncertainty estimate.",
RILEM TC 304-ADC participating lab 19,True,3d_printed,161.13,41.57,41.81,,,,29.0,16.000209507181083,1,2046.879667411629,measured,10.5281/zenodo.12200570,"RILEM TC 304-ADC ILS-mech (2024), DOI 10.5281/zenodo.12200570","Source specimen 22199 (EXP_FLEX_19_a_spec_70); mix prefix 19_a; full orientation W.U; 3-point bending; condition DEFAULT; source object FLEX3. One specimen, not an average. Full context: provenance.csv keyed by sample_id. Unrecognized optional units remain only in the ledger. No X/Y/Z projection, guessed material/print join, effect or uncertainty estimate.",
RILEM TC 304-ADC participating lab 19,True,3d_printed,161.19,42.42,41.73,,,,29.0,13.462860752044207,1,2037.6301261172102,measured,10.5281/zenodo.12200570,"RILEM TC 304-ADC ILS-mech (2024), DOI 10.5281/zenodo.12200570","Source specimen 22200 (EXP_FLEX_19_a_spec_71); mix prefix 19_a; full orientation W.U; 3-point bending; condition DEFAULT; source object FLEX3. One specimen, not an average. Full context: provenance.csv keyed by sample_id. Unrecognized optional units remain only in the ledger. No X/Y/Z projection, guessed material/print join, effect or uncertainty estimate.",
RILEM TC 304-ADC participating lab 19,True,3d_printed,161.53,42.16,40.18,,,,29.0,10.274109240318566,1,2184.080606191384,measured,10.5281/zenodo.12200570,"RILEM TC 304-ADC ILS-mech (2024), DOI 10.5281/zenodo.12200570","Source specimen 22201 (EXP_FLEX_19_a_spec_72); mix prefix 19_a; full orientation W.U; 3-point bending; condition DEFAULT; source object FLEX3. One specimen, not an average. Full context: provenance.csv keyed by sample_id. Unrecognized optional units remain only in the ledger. No X/Y/Z projection, guessed material/print join, effect or uncertainty estimate.",
RILEM TC 304-ADC participating lab 19,True,3d_printed,159.75,41.86,38.58,,,,29.0,14.270315754321935,1,2050.198379979079,measured,10.5281/zenodo.12200570,"RILEM TC 304-ADC ILS-mech (2024), DOI 10.5281/zenodo.12200570","Source specimen 22202 (EXP_FLEX_19_a_spec_73); mix prefix 19_a; full orientation W.U; 3-point bending; condition DEV2; source object FLEX3. One specimen, not an average. Full context: provenance.csv keyed by sample_id. Unrecognized optional units remain only in the ledger. No X/Y/Z projection, guessed material/print join, effect or uncertainty estimate.",
RILEM TC 304-ADC participating lab 19,True,3d_printed,161.52,41.02,41.16,,,,29.0,12.449486806773393,1,2014.0982147331235,measured,10.5281/zenodo.12200570,"RILEM TC 304-ADC ILS-mech (2024), DOI 10.5281/zenodo.12200570","Source specimen 22203 (EXP_FLEX_19_a_spec_74); mix prefix 19_a; full orientation W.U; 3-point bending; condition DEV2; source object FLEX3. One specimen, not an average. Full context: provenance.csv keyed by sample_id. Unrecognized optional units remain only in the ledger. No X/Y/Z projection, guessed material/print join, effect or uncertainty estimate.",
RILEM TC 304-ADC participating lab 19,True,3d_printed,161.08,42.23,40.12,,,,29.0,17.82151576867241,1,2034.643871765635,measured,10.5281/zenodo.12200570,"RILEM TC 304-ADC ILS-mech (2024), DOI 10.5281/zenodo.12200570","Source specimen 22204 (EXP_FLEX_19_a_spec_75); mix prefix 19_a; full orientation W.U; 3-point bending; condition DEV2; source object FLEX3. One specimen, not an average. Full context: provenance.csv keyed by sample_id. Unrecognized optional units remain only in the ledger. No X/Y/Z projection, guessed material/print join, effect or uncertainty estimate.",
RILEM TC 304-ADC participating lab 19,True,3d_printed,160.14,40.69,41.25,,,,29.0,15.820660547700918,1,2032.3377481710588,measured,10.5281/zenodo.12200570,"RILEM TC 304-ADC ILS-mech (2024), DOI 10.5281/zenodo.12200570","Source specimen 22205 (EXP_FLEX_19_a_spec_76); mix prefix 19_a; full orientation W.U; 3-point bending; condition DEV2; source object FLEX3. One specimen, not an average. Full context: provenance.csv keyed by sample_id. Unrecognized optional units remain only in the ledger. No X/Y/Z projection, guessed material/print join, effect or uncertainty estimate.",
RILEM TC 304-ADC participating lab 19,True,3d_printed,161.56,40.53,41.14,,,,29.0,4.288822576932332,1,2221.089418633022,measured,10.5281/zenodo.12200570,"RILEM TC 304-ADC ILS-mech (2024), DOI 10.5281/zenodo.12200570","Source specimen 22214 (EXP_FLEX_19_a_spec_79); mix prefix 19_a; full orientation U.W; 4-point bending; condition DEFAULT; source object FLEX4. One specimen, not an average. Full context: provenance.csv keyed by sample_id. Unrecognized optional units remain only in the ledger. No X/Y/Z projection, guessed material/print join, effect or uncertainty estimate.",
RILEM TC 304-ADC participating lab 19,True,3d_printed,161.25,40.58,41.09,,,,29.0,4.69886872948716,1,2239.6038632930467,measured,10.5281/zenodo.12200570,"RILEM TC 304-ADC ILS-mech (2024), DOI 10.5281/zenodo.12200570","Source specimen 22215 (EXP_FLEX_19_a_spec_80); mix prefix 19_a; full orientation U.W; 4-point bending; condition DEFAULT; source object FLEX4. One specimen, not an average. Full context: provenance.csv keyed by sample_id. Unrecognized optional units remain only in the ledger. No X/Y/Z projection, guessed material/print join, effect or uncertainty estimate.",
RILEM TC 304-ADC participating lab 19,True,3d_printed,161.58,40.65,40.48,,,,29.0,4.410433317178242,1,2239.491139086379,measured,10.5281/zenodo.12200570,"RILEM TC 304-ADC ILS-mech (2024), DOI 10.5281/zenodo.12200570","Source specimen 22216 (EXP_FLEX_19_a_spec_81); mix prefix 19_a; full orientation U.W; 4-point bending; condition DEFAULT; source object FLEX4. One specimen, not an average. Full context: provenance.csv keyed by sample_id. Unrecognized optional units remain only in the ledger. No X/Y/Z projection, guessed material/print join, effect or uncertainty estimate.",
RILEM TC 304-ADC participating lab 19,True,3d_printed,161.08,40.43,42.6,,,,29.0,5.3623115091422235,1,2117.2112527475956,measured,10.5281/zenodo.12200570,"RILEM TC 304-ADC ILS-mech (2024), DOI 10.5281/zenodo.12200570","Source specimen 22217 (EXP_FLEX_19_a_spec_82); mix prefix 19_a; full orientation U.W; 4-point bending; condition DEFAULT; source object FLEX4. One specimen, not an average. Full context: provenance.csv keyed by sample_id. Unrecognized optional units remain only in the ledger. No X/Y/Z projection, guessed material/print join, effect or uncertainty estimate.",
RILEM TC 304-ADC participating lab 19,True,3d_printed,160.65,41.14,41.73,,,,29.0,4.707846797166848,1,2145.3994617051635,measured,10.5281/zenodo.12200570,"RILEM TC 304-ADC ILS-mech (2024), DOI 10.5281/zenodo.12200570","Source specimen 22218 (EXP_FLEX_19_a_spec_83); mix prefix 19_a; full orientation U.W; 4-point bending; condition DEFAULT; source object FLEX4. One specimen, not an average. Full context: provenance.csv keyed by sample_id. Unrecognized optional units remain only in the ledger. No X/Y/Z projection, guessed material/print join, effect or uncertainty estimate.",
RILEM TC 304-ADC participating lab 19,True,3d_printed,160.63,41.4,40.33,,,,29.0,4.872478985379429,1,2210.3461862660915,measured,10.5281/zenodo.12200570,"RILEM TC 304-ADC ILS-mech (2024), DOI 10.5281/zenodo.12200570","Source specimen 22219 (EXP_FLEX_19_a_spec_84); mix prefix 19_a; full orientation U.W; 4-point bending; condition DEFAULT; source object FLEX4. One specimen, not an average. Full context: provenance.csv keyed by sample_id. Unrecognized optional units remain only in the ledger. No X/Y/Z projection, guessed material/print join, effect or uncertainty estimate.",
RILEM TC 304-ADC participating lab 19,False,cast,160.95,40.61,40.47,cast,CAST,,29.0,8.443691174263977,1,2157.461665285217,measured,10.5281/zenodo.12200570,"RILEM TC 304-ADC ILS-mech (2024), DOI 10.5281/zenodo.12200570","Source specimen 22220 (EXP_FLEX_19_a_spec_91); mix prefix 19_a; full orientation CAST; 4-point bending; condition DEFAULT; source object cast FLEX4. One specimen, not an average. Full context: provenance.csv keyed by sample_id. Unrecognized optional units remain only in the ledger. No X/Y/Z projection, guessed material/print join, effect or uncertainty estimate.",
RILEM TC 304-ADC participating lab 19,False,cast,160.44,40.76,40.34,cast,CAST,,29.0,9.703464175052472,1,2170.695762879856,measured,10.5281/zenodo.12200570,"RILEM TC 304-ADC ILS-mech (2024), DOI 10.5281/zenodo.12200570","Source specimen 22221 (EXP_FLEX_19_a_spec_92); mix prefix 19_a; full orientation CAST; 4-point bending; condition DEFAULT; source object cast FLEX4. One specimen, not an average. Full context: provenance.csv keyed by sample_id. Unrecognized optional units remain only in the ledger. No X/Y/Z projection, guessed material/print join, effect or uncertainty estimate.",
RILEM TC 304-ADC participating lab 19,False,cast,160.77,40.86,40.27,cast,CAST,,29.0,8.635251657501655,1,2151.275100632897,measured,10.5281/zenodo.12200570,"RILEM TC 304-ADC ILS-mech (2024), DOI 10.5281/zenodo.12200570","Source specimen 22222 (EXP_FLEX_19_a_spec_93); mix prefix 19_a; full orientation CAST; 4-point bending; condition DEFAULT; source object cast FLEX4. One specimen, not an average. Full context: provenance.csv keyed by sample_id. Unrecognized optional units remain only in the ledger. No X/Y/Z projection, guessed material/print join, effect or uncertainty estimate.",
RILEM TC 304-ADC participating lab 19,False,cast,160.64,40.71,40.26,cast,CAST,,29.0,7.782070976043353,1,2117.3513618739303,measured,10.5281/zenodo.12200570,"RILEM TC 304-ADC ILS-mech (2024), DOI 10.5281/zenodo.12200570","Source specimen 22223 (EXP_FLEX_19_a_spec_94); mix prefix 19_a; full orientation CAST; 4-point bending; condition DEFAULT; source object cast FLEX4. One specimen, not an average. Full context: provenance.csv keyed by sample_id. Unrecognized optional units remain only in the ledger. No X/Y/Z projection, guessed material/print join, effect or uncertainty estimate.",
RILEM TC 304-ADC participating lab 19,False,cast,160.66,40.15,40.03,cast,CAST,,29.0,9.523393239409026,1,2157.710785870998,measured,10.5281/zenodo.12200570,"RILEM TC 304-ADC ILS-mech (2024), DOI 10.5281/zenodo.12200570","Source specimen 22224 (EXP_FLEX_19_a_spec_95); mix prefix 19_a; full orientation CAST; 4-point bending; condition DEFAULT; source object cast FLEX4. One specimen, not an average. Full context: provenance.csv keyed by sample_id. Unrecognized optional units remain only in the ledger. No X/Y/Z projection, guessed material/print join, effect or uncertainty estimate.",
RILEM TC 304-ADC participating lab 19,False,cast,160.99,40.45,40.26,cast,CAST,,29.0,9.762001681895573,1,2148.1457174642096,measured,10.5281/zenodo.12200570,"RILEM TC 304-ADC ILS-mech (2024), DOI 10.5281/zenodo.12200570","Source specimen 22225 (EXP_FLEX_19_a_spec_96); mix prefix 19_a; full orientation CAST; 4-point bending; condition DEFAULT; source object cast FLEX4. One specimen, not an average. Full context: provenance.csv keyed by sample_id. Unrecognized optional units remain only in the ledger. No X/Y/Z projection, guessed material/print join, effect or uncertainty estimate.",
